id,day,date,teamid,dept,p_id,l_id,product,unit_purchased,price,v_id,vendor,trxid,tpe,purchase_amount
642,3,2025-01-03,400917,RTL,1,7,Americano,5000,50000.00,2,"Alex Co",724,LAN_FinishedGood,50000
643,3,2025-01-03,400917,RTL,2,7,"Hot Chocolate",3000,39000.00,2,"Alex Co",724,LAN_FinishedGood,39000
644,3,2025-01-03,400917,RTL,1,3,Americano,1000,10000.00,1,"Check Co",719,LAN_FinishedGood,10000
645,3,2025-01-03,400917,RTL,1,2,Americano,3000,30000.00,1,"Check Co",716,LAN_FinishedGood,30000
646,3,2025-01-03,400917,RTL,2,2,"Hot Chocolate",1000,13000.00,1,"Check Co",716,LAN_FinishedGood,13000
647,3,2025-01-03,400917,RTL,3,2,"Bubble Milk Tea",1000,16000.00,1,"Check Co",716,LAN_FinishedGood,16000
648,3,2025-01-03,400917,RTL,3,3,"Bubble Milk Tea",5000,80000.00,1,"Check Co",713,LAN_FinishedGood,80000
649,3,2025-01-03,400917,RTL,1,1,Americano,12000,120000.00,1,"Check Co",711,LAN_FinishedGood,120000
650,3,2025-01-03,400917,RTL,2,1,"Hot Chocolate",5000,65000.00,1,"Check Co",711,LAN_FinishedGood,65000
651,3,2025-01-03,400917,RTL,1,6,Americano,1000,10000.00,1,"Check Co",707,LAN_FinishedGood,10000
652,3,2025-01-03,400917,RTL,2,6,"Hot Chocolate",3000,39000.00,1,"Check Co",707,LAN_FinishedGood,39000
653,3,2025-01-03,400917,RTL,3,6,"Bubble Milk Tea",5000,80000.00,1,"Check Co",707,LAN_FinishedGood,80000
654,3,2025-01-03,400917,RTL,1,5,Americano,3000,30000.00,1,"Check Co",706,LAN_FinishedGood,30000
655,3,2025-01-03,400917,RTL,3,5,"Bubble Milk Tea",8000,128000.00,1,"Check Co",706,LAN_FinishedGood,128000
657,3,2025-01-03,400918,RTL,1,6,Americano,3000,30000.00,1,"Check Co",720,LAN_FinishedGood,30000
658,3,2025-01-03,400918,RTL,2,6,"Hot Chocolate",3000,39000.00,1,"Check Co",720,LAN_FinishedGood,39000
659,3,2025-01-03,400918,RTL,3,6,"Bubble Milk Tea",5000,80000.00,1,"Check Co",720,LAN_FinishedGood,80000
660,3,2025-01-03,400918,RTL,1,4,Americano,3000,30000.00,2,"Alex Co",710,LAN_FinishedGood,30000
661,3,2025-01-03,400918,RTL,2,4,"Hot Chocolate",5000,65000.00,2,"Alex Co",710,LAN_FinishedGood,65000
662,3,2025-01-03,400918,RTL,3,4,"Bubble Milk Tea",3000,48000.00,2,"Alex Co",710,LAN_FinishedGood,48000
663,3,2025-01-03,400918,RTL,1,1,Americano,8000,80000.00,1,"Check Co",704,LAN_FinishedGood,80000
664,3,2025-01-03,400918,RTL,2,1,"Hot Chocolate",5000,65000.00,1,"Check Co",704,LAN_FinishedGood,65000
665,3,2025-01-03,400918,RTL,3,1,"Bubble Milk Tea",3000,48000.00,1,"Check Co",704,LAN_FinishedGood,48000
666,3,2025-01-03,400919,RTL,1,3,Americano,5000,50000.00,1,"Check Co",727,LAN_FinishedGood,50000
667,3,2025-01-03,400919,RTL,2,3,"Hot Chocolate",1000,13000.00,1,"Check Co",727,LAN_FinishedGood,13000
668,3,2025-01-03,400919,RTL,3,3,"Bubble Milk Tea",5000,80000.00,1,"Check Co",727,LAN_FinishedGood,80000
669,3,2025-01-03,400919,RTL,1,6,Americano,3000,30000.00,1,"Check Co",725,LAN_FinishedGood,30000
670,3,2025-01-03,400919,RTL,2,6,"Hot Chocolate",5000,65000.00,1,"Check Co",725,LAN_FinishedGood,65000
671,3,2025-01-03,400919,RTL,3,6,"Bubble Milk Tea",8000,128000.00,1,"Check Co",725,LAN_FinishedGood,128000
672,3,2025-01-03,400919,RTL,1,2,Americano,12000,120000.00,1,"Check Co",723,LAN_FinishedGood,120000
673,3,2025-01-03,400919,RTL,3,2,"Bubble Milk Tea",8000,128000.00,1,"Check Co",723,LAN_FinishedGood,128000
674,3,2025-01-03,400919,RTL,1,1,Americano,12000,120000.00,1,"Check Co",718,LAN_FinishedGood,120000
675,3,2025-01-03,400919,RTL,2,1,"Hot Chocolate",5000,65000.00,1,"Check Co",718,LAN_FinishedGood,65000
676,3,2025-01-03,400919,RTL,3,1,"Bubble Milk Tea",3000,48000.00,1,"Check Co",718,LAN_FinishedGood,48000
677,3,2025-01-03,400919,RTL,1,7,Americano,12000,120000.00,1,"Check Co",715,LAN_FinishedGood,120000
678,3,2025-01-03,400919,RTL,1,5,Americano,3000,30000.00,1,"Check Co",714,LAN_FinishedGood,30000
679,3,2025-01-03,400919,RTL,2,5,"Hot Chocolate",3000,39000.00,1,"Check Co",714,LAN_FinishedGood,39000
681,3,2025-01-03,400919,RTL,3,5,"Bubble Milk Tea",8000,128000.00,1,"Check Co",714,LAN_FinishedGood,128000
682,3,2025-01-03,400919,RTL,1,3,Americano,3000,30000.00,2,"Alex Co",712,LAN_FinishedGood,30000
683,3,2025-01-03,400919,RTL,2,3,"Hot Chocolate",3000,39000.00,2,"Alex Co",712,LAN_FinishedGood,39000
684,3,2025-01-03,400919,RTL,3,3,"Bubble Milk Tea",8000,128000.00,2,"Alex Co",712,LAN_FinishedGood,128000
685,3,2025-01-03,400919,RTL,2,4,"Hot Chocolate",8000,104000.00,1,"Check Co",708,LAN_FinishedGood,104000
686,3,2025-01-03,400919,RTL,3,4,"Bubble Milk Tea",5000,80000.00,1,"Check Co",708,LAN_FinishedGood,80000
776,4,2025-01-04,400917,RTL,1,3,Americano,1000,10000.00,1,"Check Co",833,LAN_FinishedGood,10000
777,4,2025-01-04,400917,RTL,1,1,Americano,12000,120000.00,2,"Alex Co",818,LAN_FinishedGood,120000
778,4,2025-01-04,400917,RTL,2,1,"Hot Chocolate",3000,39000.00,2,"Alex Co",818,LAN_FinishedGood,39000
779,4,2025-01-04,400918,RTL,3,6,"Bubble Milk Tea",1000,16000.00,2,"Alex Co",816,LAN_FinishedGood,16000
780,4,2025-01-04,400918,RTL,1,7,Americano,5000,50000.00,1,"Check Co",814,LAN_FinishedGood,50000
781,4,2025-01-04,400918,RTL,2,7,"Hot Chocolate",3000,39000.00,1,"Check Co",814,LAN_FinishedGood,39000
782,4,2025-01-04,400918,RTL,3,7,"Bubble Milk Tea",1000,16000.00,1,"Check Co",814,LAN_FinishedGood,16000
880,5,2025-01-05,400917,RTL,1,2,Americano,5000,50000.00,1,"Check Co",920,LAN_FinishedGood,50000
881,5,2025-01-05,400917,RTL,2,2,"Hot Chocolate",1000,13000.00,1,"Check Co",920,LAN_FinishedGood,13000
882,5,2025-01-05,400917,RTL,3,2,"Bubble Milk Tea",3000,48000.00,1,"Check Co",920,LAN_FinishedGood,48000
883,5,2025-01-05,400918,RTL,1,1,Americano,3000,30000.00,2,"Alex Co",917,LAN_FinishedGood,30000
884,5,2025-01-05,400918,RTL,2,1,"Hot Chocolate",1000,13000.00,2,"Alex Co",917,LAN_FinishedGood,13000
885,5,2025-01-05,400918,RTL,3,1,"Bubble Milk Tea",1000,16000.00,2,"Alex Co",917,LAN_FinishedGood,16000
886,5,2025-01-05,400918,RTL,1,4,Americano,1000,10000.00,1,"Check Co",915,LAN_FinishedGood,10000
887,5,2025-01-05,400918,RTL,2,4,"Hot Chocolate",5000,65000.00,1,"Check Co",915,LAN_FinishedGood,65000
888,5,2025-01-05,400918,RTL,3,4,"Bubble Milk Tea",1000,16000.00,1,"Check Co",915,LAN_FinishedGood,16000
889,5,2025-01-05,400918,RTL,1,6,Americano,1000,10000.00,2,"Alex Co",912,LAN_FinishedGood,10000
890,5,2025-01-05,400918,RTL,2,6,"Hot Chocolate",1000,13000.00,2,"Alex Co",912,LAN_FinishedGood,13000
891,5,2025-01-05,400918,RTL,3,6,"Bubble Milk Tea",3000,48000.00,2,"Alex Co",912,LAN_FinishedGood,48000
998,6,2025-01-06,400917,RTL,3,5,"Bubble Milk Tea",5000,80000.00,1,"Check Co",1009,LAN_FinishedGood,80000
999,6,2025-01-06,400917,RTL,3,3,"Bubble Milk Tea",8000,128000.00,1,"Check Co",1012,LAN_FinishedGood,128000
1000,6,2025-01-06,400917,RTL,2,1,"Hot Chocolate",3000,39000.00,2,"Alex Co",1013,LAN_FinishedGood,39000
1001,6,2025-01-06,400917,RTL,1,6,Americano,1000,10000.00,1,"Check Co",1014,LAN_FinishedGood,10000
1002,6,2025-01-06,400917,RTL,2,6,"Hot Chocolate",3000,39000.00,1,"Check Co",1014,LAN_FinishedGood,39000
1003,6,2025-01-06,400917,RTL,3,6,"Bubble Milk Tea",5000,80000.00,1,"Check Co",1014,LAN_FinishedGood,80000
1004,6,2025-01-06,400917,RTL,1,5,Americano,5000,50000.00,1,"Check Co",1017,LAN_FinishedGood,50000
1005,6,2025-01-06,400917,RTL,3,5,"Bubble Milk Tea",3000,48000.00,1,"Check Co",1017,LAN_FinishedGood,48000
1006,6,2025-01-06,400917,RTL,2,3,"Hot Chocolate",1000,13000.00,1,"Check Co",1021,LAN_FinishedGood,13000
1007,6,2025-01-06,400917,RTL,1,7,Americano,3000,30000.00,1,"Check Co",1022,LAN_FinishedGood,30000
1008,6,2025-01-06,400917,RTL,2,7,"Hot Chocolate",5000,65000.00,1,"Check Co",1022,LAN_FinishedGood,65000
1009,6,2025-01-06,400917,RTL,1,2,Americano,8000,80000.00,1,"Check Co",1027,LAN_FinishedGood,80000
1010,6,2025-01-06,400917,RTL,2,2,"Hot Chocolate",3000,39000.00,1,"Check Co",1027,LAN_FinishedGood,39000
1011,6,2025-01-06,400917,RTL,3,2,"Bubble Milk Tea",3000,48000.00,1,"Check Co",1027,LAN_FinishedGood,48000
1012,6,2025-01-06,400918,RTL,1,7,Americano,5000,50000.00,2,"Alex Co",1011,LAN_FinishedGood,50000
1013,6,2025-01-06,400918,RTL,2,7,"Hot Chocolate",3000,39000.00,2,"Alex Co",1011,LAN_FinishedGood,39000
1014,6,2025-01-06,400918,RTL,3,7,"Bubble Milk Tea",3000,48000.00,2,"Alex Co",1011,LAN_FinishedGood,48000
1015,6,2025-01-06,400918,RTL,1,1,Americano,5000,50000.00,1,"Check Co",1020,LAN_FinishedGood,50000
1016,6,2025-01-06,400918,RTL,2,1,"Hot Chocolate",3000,39000.00,1,"Check Co",1020,LAN_FinishedGood,39000
1017,6,2025-01-06,400918,RTL,3,1,"Bubble Milk Tea",3000,48000.00,1,"Check Co",1020,LAN_FinishedGood,48000
1018,6,2025-01-06,400918,RTL,1,4,Americano,3000,30000.00,2,"Alex Co",1028,LAN_FinishedGood,30000
1019,6,2025-01-06,400918,RTL,2,4,"Hot Chocolate",8000,104000.00,2,"Alex Co",1028,LAN_FinishedGood,104000
1020,6,2025-01-06,400918,RTL,3,4,"Bubble Milk Tea",5000,80000.00,2,"Alex Co",1028,LAN_FinishedGood,80000
1021,6,2025-01-06,400919,RTL,2,7,"Hot Chocolate",5000,65000.00,1,"Check Co",1008,LAN_FinishedGood,65000
1022,6,2025-01-06,400919,RTL,1,4,Americano,3000,30000.00,1,"Check Co",1016,LAN_FinishedGood,30000
1023,6,2025-01-06,400919,RTL,2,4,"Hot Chocolate",5000,65000.00,1,"Check Co",1016,LAN_FinishedGood,65000
1024,6,2025-01-06,400919,RTL,3,4,"Bubble Milk Tea",5000,80000.00,1,"Check Co",1016,LAN_FinishedGood,80000
1025,6,2025-01-06,400919,RTL,1,5,Americano,1000,10000.00,1,"Check Co",1026,LAN_FinishedGood,10000
1026,6,2025-01-06,400919,RTL,3,5,"Bubble Milk Tea",5000,80000.00,1,"Check Co",1026,LAN_FinishedGood,80000
1129,7,2025-01-07,400917,RTL,3,3,"Bubble Milk Tea",20000,320000.00,2,"Alex Co",1114,LAN_FinishedGood,320000
1130,7,2025-01-07,400917,RTL,1,5,Americano,3000,30000.00,1,"Check Co",1117,LAN_FinishedGood,30000
1131,7,2025-01-07,400917,RTL,3,5,"Bubble Milk Tea",3000,48000.00,1,"Check Co",1117,LAN_FinishedGood,48000
1132,7,2025-01-07,400917,RTL,1,1,Americano,5000,50000.00,1,"Check Co",1118,LAN_FinishedGood,50000
1133,7,2025-01-07,400917,RTL,2,1,"Hot Chocolate",3000,39000.00,1,"Check Co",1118,LAN_FinishedGood,39000
1134,7,2025-01-07,400917,RTL,1,2,Americano,12000,120000.00,1,"Check Co",1125,LAN_FinishedGood,120000
1135,7,2025-01-07,400917,RTL,3,2,"Bubble Milk Tea",1000,16000.00,1,"Check Co",1125,LAN_FinishedGood,16000
1136,7,2025-01-07,400918,RTL,1,6,Americano,3000,30000.00,2,"Alex Co",1120,LAN_FinishedGood,30000
1137,7,2025-01-07,400918,RTL,2,6,"Hot Chocolate",3000,39000.00,2,"Alex Co",1120,LAN_FinishedGood,39000
1138,7,2025-01-07,400918,RTL,3,6,"Bubble Milk Tea",5000,80000.00,2,"Alex Co",1120,LAN_FinishedGood,80000
1139,7,2025-01-07,400918,RTL,1,4,Americano,1000,10000.00,1,"Check Co",1127,LAN_FinishedGood,10000
1140,7,2025-01-07,400918,RTL,2,4,"Hot Chocolate",3000,39000.00,1,"Check Co",1127,LAN_FinishedGood,39000
1141,7,2025-01-07,400918,RTL,3,4,"Bubble Milk Tea",1000,16000.00,1,"Check Co",1127,LAN_FinishedGood,16000
1142,7,2025-01-07,400919,RTL,1,1,Americano,12000,120000.00,1,"Check Co",1115,LAN_FinishedGood,120000
1143,7,2025-01-07,400919,RTL,1,2,Americano,12000,120000.00,1,"Check Co",1119,LAN_FinishedGood,120000
1144,7,2025-01-07,400919,RTL,1,5,Americano,1000,10000.00,1,"Check Co",1121,LAN_FinishedGood,10000
1145,7,2025-01-07,400919,RTL,2,5,"Hot Chocolate",1000,13000.00,1,"Check Co",1121,LAN_FinishedGood,13000
1146,7,2025-01-07,400919,RTL,3,5,"Bubble Milk Tea",3000,48000.00,1,"Check Co",1121,LAN_FinishedGood,48000
1254,8,2025-01-08,400917,RTL,1,6,Americano,1000,10000.00,1,"Check Co",1204,LAN_FinishedGood,10000
1255,8,2025-01-08,400917,RTL,2,6,"Hot Chocolate",3000,39000.00,1,"Check Co",1204,LAN_FinishedGood,39000
1256,8,2025-01-08,400917,RTL,3,6,"Bubble Milk Tea",5000,80000.00,1,"Check Co",1204,LAN_FinishedGood,80000
1258,8,2025-01-08,400917,RTL,2,2,"Hot Chocolate",1000,13000.00,1,"Check Co",1217,LAN_FinishedGood,13000
1259,8,2025-01-08,400917,RTL,1,7,Americano,8000,80000.00,1,"Check Co",1218,LAN_FinishedGood,80000
1260,8,2025-01-08,400917,RTL,3,5,"Bubble Milk Tea",5000,80000.00,1,"Check Co",1227,LAN_FinishedGood,80000
1261,8,2025-01-08,400918,RTL,1,6,Americano,3000,30000.00,2,"Alex Co",1206,LAN_FinishedGood,30000
1262,8,2025-01-08,400918,RTL,2,6,"Hot Chocolate",8000,104000.00,2,"Alex Co",1206,LAN_FinishedGood,104000
1263,8,2025-01-08,400918,RTL,3,6,"Bubble Milk Tea",3000,48000.00,2,"Alex Co",1206,LAN_FinishedGood,48000
1264,8,2025-01-08,400918,RTL,1,1,Americano,8000,80000.00,2,"Alex Co",1207,LAN_FinishedGood,80000
1265,8,2025-01-08,400918,RTL,2,1,"Hot Chocolate",3000,39000.00,2,"Alex Co",1207,LAN_FinishedGood,39000
1266,8,2025-01-08,400918,RTL,3,1,"Bubble Milk Tea",1000,16000.00,2,"Alex Co",1207,LAN_FinishedGood,16000
1268,8,2025-01-08,400918,RTL,1,4,Americano,5000,50000.00,1,"Check Co",1228,LAN_FinishedGood,50000
1269,8,2025-01-08,400918,RTL,2,4,"Hot Chocolate",3000,39000.00,1,"Check Co",1228,LAN_FinishedGood,39000
1270,8,2025-01-08,400918,RTL,3,4,"Bubble Milk Tea",3000,48000.00,1,"Check Co",1228,LAN_FinishedGood,48000
1271,8,2025-01-08,400918,RTL,1,6,Americano,1000,10000.00,1,"Check Co",1229,LAN_FinishedGood,10000
1272,8,2025-01-08,400918,RTL,2,6,"Hot Chocolate",1000,13000.00,1,"Check Co",1229,LAN_FinishedGood,13000
1273,8,2025-01-08,400918,RTL,3,6,"Bubble Milk Tea",3000,48000.00,1,"Check Co",1229,LAN_FinishedGood,48000
1274,8,2025-01-08,400918,RTL,1,1,Americano,12000,120000.00,1,"Check Co",1230,LAN_FinishedGood,120000
1275,8,2025-01-08,400918,RTL,2,1,"Hot Chocolate",1000,13000.00,1,"Check Co",1230,LAN_FinishedGood,13000
1276,8,2025-01-08,400918,RTL,3,1,"Bubble Milk Tea",1000,16000.00,1,"Check Co",1230,LAN_FinishedGood,16000
1277,8,2025-01-08,400918,RTL,1,7,Americano,5000,50000.00,2,"Alex Co",1231,LAN_FinishedGood,50000
1278,8,2025-01-08,400918,RTL,2,7,"Hot Chocolate",3000,39000.00,2,"Alex Co",1231,LAN_FinishedGood,39000
1279,8,2025-01-08,400918,RTL,3,7,"Bubble Milk Tea",1000,16000.00,2,"Alex Co",1231,LAN_FinishedGood,16000
1282,8,2025-01-08,400919,RTL,1,6,Americano,1000,10000.00,1,"Check Co",1208,LAN_FinishedGood,10000
1283,8,2025-01-08,400919,RTL,2,6,"Hot Chocolate",3000,39000.00,1,"Check Co",1208,LAN_FinishedGood,39000
1284,8,2025-01-08,400919,RTL,3,6,"Bubble Milk Tea",8000,128000.00,1,"Check Co",1208,LAN_FinishedGood,128000
1285,8,2025-01-08,400919,RTL,2,1,"Hot Chocolate",8000,104000.00,1,"Check Co",1222,LAN_FinishedGood,104000
1286,8,2025-01-08,400919,RTL,3,3,"Bubble Milk Tea",5000,80000.00,1,"Check Co",1241,LAN_FinishedGood,80000
1287,8,2025-01-08,400919,RTL,1,5,Americano,3000,30000.00,1,"Check Co",1253,LAN_FinishedGood,30000
1288,8,2025-01-08,400919,RTL,2,5,"Hot Chocolate",3000,39000.00,1,"Check Co",1253,LAN_FinishedGood,39000
1289,8,2025-01-08,400919,RTL,3,5,"Bubble Milk Tea",1000,16000.00,1,"Check Co",1253,LAN_FinishedGood,16000
1410,9,2025-01-09,400917,RTL,3,2,"Bubble Milk Tea",3000,48000.00,1,"Check Co",1329,LAN_FinishedGood,48000
1411,9,2025-01-09,400917,RTL,2,4,"Hot Chocolate",12000,156000.00,1,"Check Co",1332,LAN_FinishedGood,156000
1412,9,2025-01-09,400918,RTL,1,2,Americano,8000,80000.00,1,"Check Co",1328,LAN_FinishedGood,80000
1413,9,2025-01-09,400918,RTL,2,2,"Hot Chocolate",3000,39000.00,1,"Check Co",1328,LAN_FinishedGood,39000
1414,9,2025-01-09,400918,RTL,3,2,"Bubble Milk Tea",5000,80000.00,1,"Check Co",1328,LAN_FinishedGood,80000
1415,9,2025-01-09,400918,RTL,1,5,Americano,3000,30000.00,2,"Alex Co",1330,LAN_FinishedGood,30000
1416,9,2025-01-09,400918,RTL,2,5,"Hot Chocolate",5000,65000.00,2,"Alex Co",1330,LAN_FinishedGood,65000
1417,9,2025-01-09,400918,RTL,3,5,"Bubble Milk Tea",5000,80000.00,2,"Alex Co",1330,LAN_FinishedGood,80000
1418,9,2025-01-09,400918,RTL,1,3,Americano,5000,50000.00,2,"Alex Co",1335,LAN_FinishedGood,50000
1420,9,2025-01-09,400918,RTL,2,3,"Hot Chocolate",3000,39000.00,2,"Alex Co",1335,LAN_FinishedGood,39000
1421,9,2025-01-09,400918,RTL,3,3,"Bubble Milk Tea",8000,128000.00,2,"Alex Co",1335,LAN_FinishedGood,128000
1422,9,2025-01-09,400919,RTL,2,2,"Hot Chocolate",5000,65000.00,1,"Check Co",1331,LAN_FinishedGood,65000
1561,10,2025-01-10,400917,RTL,3,4,"Bubble Milk Tea",3000,48000.00,1,"Check Co",1418,LAN_FinishedGood,48000
1562,10,2025-01-10,400917,RTL,1,1,Americano,12000,120000.00,1,"Check Co",1422,LAN_FinishedGood,120000
1563,10,2025-01-10,400917,RTL,2,1,"Hot Chocolate",8000,104000.00,1,"Check Co",1422,LAN_FinishedGood,104000
1564,10,2025-01-10,400917,RTL,2,2,"Hot Chocolate",1000,13000.00,1,"Check Co",1428,LAN_FinishedGood,13000
1565,10,2025-01-10,400918,RTL,2,4,"Hot Chocolate",5000,65000.00,1,"Check Co",1423,LAN_FinishedGood,65000
1566,10,2025-01-10,400918,RTL,3,4,"Bubble Milk Tea",1000,16000.00,1,"Check Co",1423,LAN_FinishedGood,16000
1567,10,2025-01-10,400919,RTL,1,6,Americano,3000,30000.00,1,"Check Co",1421,LAN_FinishedGood,30000
1568,10,2025-01-10,400919,RTL,2,6,"Hot Chocolate",8000,104000.00,1,"Check Co",1421,LAN_FinishedGood,104000
1569,10,2025-01-10,400919,RTL,3,6,"Bubble Milk Tea",5000,80000.00,1,"Check Co",1421,LAN_FinishedGood,80000
1570,10,2025-01-10,400919,RTL,1,7,Americano,5000,50000.00,1,"Check Co",1425,LAN_FinishedGood,50000
1571,10,2025-01-10,400919,RTL,1,5,Americano,3000,30000.00,1,"Check Co",1427,LAN_FinishedGood,30000
1572,10,2025-01-10,400919,RTL,2,5,"Hot Chocolate",1000,13000.00,1,"Check Co",1427,LAN_FinishedGood,13000
1573,10,2025-01-10,400919,RTL,1,2,Americano,5000,50000.00,1,"Check Co",1433,LAN_FinishedGood,50000
1725,11,2025-01-11,400917,RTL,1,3,Americano,3000,30000.00,1,"Check Co",1519,LAN_FinishedGood,30000
1726,11,2025-01-11,400917,RTL,1,2,Americano,1000,10000.00,1,"Check Co",1521,LAN_FinishedGood,10000
1727,11,2025-01-11,400917,RTL,2,2,"Hot Chocolate",1000,13000.00,1,"Check Co",1521,LAN_FinishedGood,13000
1728,11,2025-01-11,400917,RTL,3,2,"Bubble Milk Tea",1000,16000.00,1,"Check Co",1521,LAN_FinishedGood,16000
1729,11,2025-01-11,400917,RTL,1,5,Americano,3000,30000.00,1,"Check Co",1523,LAN_FinishedGood,30000
1730,11,2025-01-11,400917,RTL,3,5,"Bubble Milk Tea",12000,192000.00,1,"Check Co",1523,LAN_FinishedGood,192000
1731,11,2025-01-11,400918,RTL,1,2,Americano,5000,50000.00,2,"Alex Co",1525,LAN_FinishedGood,50000
1732,11,2025-01-11,400918,RTL,2,2,"Hot Chocolate",1000,13000.00,2,"Alex Co",1525,LAN_FinishedGood,13000
1733,11,2025-01-11,400918,RTL,3,2,"Bubble Milk Tea",3000,48000.00,2,"Alex Co",1525,LAN_FinishedGood,48000
1734,11,2025-01-11,400919,RTL,1,6,Americano,8000,80000.00,1,"Check Co",1520,LAN_FinishedGood,80000
1735,11,2025-01-11,400919,RTL,2,6,"Hot Chocolate",5000,65000.00,1,"Check Co",1520,LAN_FinishedGood,65000
1736,11,2025-01-11,400919,RTL,1,5,Americano,3000,30000.00,1,"Check Co",1528,LAN_FinishedGood,30000
1737,11,2025-01-11,400919,RTL,2,5,"Hot Chocolate",3000,39000.00,1,"Check Co",1528,LAN_FinishedGood,39000
1738,11,2025-01-11,400919,RTL,3,5,"Bubble Milk Tea",5000,80000.00,1,"Check Co",1528,LAN_FinishedGood,80000
1881,12,2025-01-12,400917,RTL,3,4,"Bubble Milk Tea",3000,48000.00,1,"Check Co",1608,LAN_FinishedGood,48000
1882,12,2025-01-12,400917,RTL,1,1,Americano,8000,68000.00,1,"Check Co",1619,LAN_FinishedGood,68000
1883,12,2025-01-12,400917,RTL,3,4,"Bubble Milk Tea",5000,68000.00,1,"Check Co",1621,LAN_FinishedGood,68000
1884,12,2025-01-12,400917,RTL,1,2,Americano,3000,30000.00,1,"Check Co",1622,LAN_FinishedGood,30000
1885,12,2025-01-12,400917,RTL,2,2,"Hot Chocolate",1000,13000.00,1,"Check Co",1622,LAN_FinishedGood,13000
1886,12,2025-01-12,400917,RTL,3,2,"Bubble Milk Tea",3000,48000.00,1,"Check Co",1622,LAN_FinishedGood,48000
1887,12,2025-01-12,400918,RTL,1,5,Americano,3000,30000.00,1,"Check Co",1615,LAN_FinishedGood,30000
1888,12,2025-01-12,400918,RTL,2,5,"Hot Chocolate",1000,13000.00,1,"Check Co",1615,LAN_FinishedGood,13000
1889,12,2025-01-12,400918,RTL,3,5,"Bubble Milk Tea",5000,80000.00,1,"Check Co",1615,LAN_FinishedGood,80000
1890,12,2025-01-12,400918,RTL,1,3,Americano,3000,30000.00,1,"Check Co",1624,LAN_FinishedGood,30000
1891,12,2025-01-12,400918,RTL,2,3,"Hot Chocolate",1000,13000.00,1,"Check Co",1624,LAN_FinishedGood,13000
1892,12,2025-01-12,400918,RTL,3,3,"Bubble Milk Tea",1000,16000.00,1,"Check Co",1624,LAN_FinishedGood,16000
1893,12,2025-01-12,400919,RTL,1,7,Americano,5000,50000.00,1,"Check Co",1613,LAN_FinishedGood,50000
1894,12,2025-01-12,400919,RTL,3,3,"Bubble Milk Tea",8000,128000.00,1,"Check Co",1623,LAN_FinishedGood,128000
2032,13,2025-01-13,400917,RTL,1,6,Americano,3000,30000.00,1,"Check Co",1700,LAN_FinishedGood,30000
2033,13,2025-01-13,400917,RTL,2,6,"Hot Chocolate",3000,39000.00,1,"Check Co",1700,LAN_FinishedGood,39000
2034,13,2025-01-13,400917,RTL,3,6,"Bubble Milk Tea",3000,48000.00,1,"Check Co",1700,LAN_FinishedGood,48000
2035,13,2025-01-13,400917,RTL,2,4,"Hot Chocolate",8000,83200.00,2,"Alex Co",1701,LAN_FinishedGood,83200
2036,13,2025-01-13,400917,RTL,1,1,Americano,12000,96000.00,2,"Alex Co",1706,LAN_FinishedGood,96000
2037,13,2025-01-13,400917,RTL,2,1,"Hot Chocolate",8000,83200.00,2,"Alex Co",1706,LAN_FinishedGood,83200
2038,13,2025-01-13,400917,RTL,1,7,Americano,8000,64000.00,2,"Alex Co",1711,LAN_FinishedGood,64000
2039,13,2025-01-13,400917,RTL,2,7,"Hot Chocolate",5000,65000.00,2,"Alex Co",1711,LAN_FinishedGood,65000
2040,13,2025-01-13,400918,RTL,2,4,"Hot Chocolate",8000,83200.00,1,"Check Co",1712,LAN_FinishedGood,83200
2041,13,2025-01-13,400919,RTL,1,1,Americano,12000,120000.00,1,"Check Co",1703,LAN_FinishedGood,120000
2042,13,2025-01-13,400919,RTL,2,1,"Hot Chocolate",5000,65000.00,1,"Check Co",1703,LAN_FinishedGood,65000
2043,13,2025-01-13,400919,RTL,3,1,"Bubble Milk Tea",3000,48000.00,1,"Check Co",1703,LAN_FinishedGood,48000
2044,13,2025-01-13,400919,RTL,1,4,Americano,3000,30000.00,2,"Alex Co",1704,LAN_FinishedGood,30000
2045,13,2025-01-13,400919,RTL,2,4,"Hot Chocolate",8000,104000.00,2,"Alex Co",1704,LAN_FinishedGood,104000
2046,13,2025-01-13,400919,RTL,3,4,"Bubble Milk Tea",5000,80000.00,2,"Alex Co",1704,LAN_FinishedGood,80000
2047,13,2025-01-13,400919,RTL,1,5,Americano,1000,10000.00,1,"Check Co",1710,LAN_FinishedGood,10000
2048,13,2025-01-13,400919,RTL,2,5,"Hot Chocolate",1000,13000.00,1,"Check Co",1710,LAN_FinishedGood,13000
2049,13,2025-01-13,400919,RTL,3,5,"Bubble Milk Tea",1000,16000.00,1,"Check Co",1710,LAN_FinishedGood,16000
2196,14,2025-01-14,400917,RTL,1,3,Americano,3000,30000.00,1,"Check Co",1801,LAN_FinishedGood,30000
2197,14,2025-01-14,400917,RTL,1,6,Americano,1000,10000.00,2,"Alex Co",1810,LAN_FinishedGood,10000
2198,14,2025-01-14,400917,RTL,2,6,"Hot Chocolate",3000,39000.00,2,"Alex Co",1810,LAN_FinishedGood,39000
2199,14,2025-01-14,400917,RTL,3,6,"Bubble Milk Tea",3000,48000.00,2,"Alex Co",1810,LAN_FinishedGood,48000
2200,14,2025-01-14,400917,RTL,1,1,Americano,8000,64000.00,2,"Alex Co",1812,LAN_FinishedGood,64000
2201,14,2025-01-14,400917,RTL,2,1,"Hot Chocolate",5000,65000.00,2,"Alex Co",1812,LAN_FinishedGood,65000
2202,14,2025-01-14,400917,RTL,1,2,Americano,12000,96000.00,2,"Alex Co",1813,LAN_FinishedGood,96000
2203,14,2025-01-14,400917,RTL,2,2,"Hot Chocolate",3000,39000.00,2,"Alex Co",1813,LAN_FinishedGood,39000
2204,14,2025-01-14,400917,RTL,3,2,"Bubble Milk Tea",1000,16000.00,2,"Alex Co",1813,LAN_FinishedGood,16000
2205,14,2025-01-14,400918,RTL,1,1,Americano,3000,30000.00,1,"Check Co",1809,LAN_FinishedGood,30000
2206,14,2025-01-14,400918,RTL,2,1,"Hot Chocolate",3000,39000.00,1,"Check Co",1809,LAN_FinishedGood,39000
2207,14,2025-01-14,400918,RTL,3,1,"Bubble Milk Tea",1000,16000.00,1,"Check Co",1809,LAN_FinishedGood,16000
2208,14,2025-01-14,400918,RTL,1,7,Americano,3000,30000.00,1,"Check Co",1820,LAN_FinishedGood,30000
2209,14,2025-01-14,400918,RTL,2,7,"Hot Chocolate",3000,39000.00,1,"Check Co",1820,LAN_FinishedGood,39000
2210,14,2025-01-14,400918,RTL,3,7,"Bubble Milk Tea",1000,16000.00,1,"Check Co",1820,LAN_FinishedGood,16000
2211,14,2025-01-14,400919,RTL,1,2,Americano,12000,120000.00,1,"Check Co",1811,LAN_FinishedGood,120000
2212,14,2025-01-14,400919,RTL,3,2,"Bubble Milk Tea",5000,80000.00,1,"Check Co",1811,LAN_FinishedGood,80000
2361,15,2025-01-15,400918,RTL,1,2,Americano,8000,64000.00,1,"Check Co",1908,LAN_FinishedGood,64000
2362,15,2025-01-15,400918,RTL,2,2,"Hot Chocolate",1000,13000.00,1,"Check Co",1908,LAN_FinishedGood,13000
2363,15,2025-01-15,400918,RTL,3,2,"Bubble Milk Tea",3000,48000.00,1,"Check Co",1908,LAN_FinishedGood,48000
2364,15,2025-01-15,400918,RTL,1,3,Americano,1000,10000.00,1,"Check Co",1917,LAN_FinishedGood,10000
2365,15,2025-01-15,400918,RTL,2,3,"Hot Chocolate",1000,13000.00,1,"Check Co",1917,LAN_FinishedGood,13000
2366,15,2025-01-15,400918,RTL,3,3,"Bubble Milk Tea",3000,48000.00,1,"Check Co",1917,LAN_FinishedGood,48000
2519,16,2025-01-16,400917,RTL,1,3,Americano,5000,42500.00,1,"Check Co",1998,LAN_FinishedGood,42500
2520,16,2025-01-16,400917,RTL,2,6,"Hot Chocolate",3000,39000.00,2,"Alex Co",2000,LAN_FinishedGood,39000
2521,16,2025-01-16,400917,RTL,3,6,"Bubble Milk Tea",5000,80000.00,2,"Alex Co",2000,LAN_FinishedGood,80000
2522,16,2025-01-16,400917,RTL,1,7,Americano,3000,30000.00,2,"Alex Co",2006,LAN_FinishedGood,30000
2523,16,2025-01-16,400917,RTL,2,7,"Hot Chocolate",3000,39000.00,2,"Alex Co",2006,LAN_FinishedGood,39000
2524,16,2025-01-16,400917,RTL,2,4,"Hot Chocolate",12000,132600.00,1,"Check Co",2010,LAN_FinishedGood,132600
2525,16,2025-01-16,400917,RTL,3,2,"Bubble Milk Tea",8000,102400.00,2,"Alex Co",2011,LAN_FinishedGood,102400
2526,16,2025-01-16,400917,RTL,1,1,Americano,12000,96000.00,2,"Alex Co",2013,LAN_FinishedGood,96000
2527,16,2025-01-16,400917,RTL,1,5,Americano,3000,30000.00,1,"Check Co",2014,LAN_FinishedGood,30000
2528,16,2025-01-16,400917,RTL,3,5,"Bubble Milk Tea",12000,153600.00,2,"Alex Co",2024,LAN_FinishedGood,153600
2529,16,2025-01-16,400917,RTL,1,1,Americano,30000,240000.00,2,"Alex Co",2025,LAN_FinishedGood,240000
2530,16,2025-01-16,400917,RTL,2,1,"Hot Chocolate",12000,124800.00,2,"Alex Co",2025,LAN_FinishedGood,124800
2531,16,2025-01-16,400918,RTL,1,5,Americano,1000,10000.00,1,"Check Co",1996,LAN_FinishedGood,10000
2532,16,2025-01-16,400918,RTL,2,5,"Hot Chocolate",1000,13000.00,1,"Check Co",1996,LAN_FinishedGood,13000
2533,16,2025-01-16,400918,RTL,3,5,"Bubble Milk Tea",3000,48000.00,1,"Check Co",1996,LAN_FinishedGood,48000
2534,16,2025-01-16,400918,RTL,1,1,Americano,12000,96000.00,1,"Check Co",2001,LAN_FinishedGood,96000
2535,16,2025-01-16,400918,RTL,2,1,"Hot Chocolate",8000,83200.00,1,"Check Co",2001,LAN_FinishedGood,83200
2536,16,2025-01-16,400918,RTL,3,1,"Bubble Milk Tea",1000,16000.00,1,"Check Co",2001,LAN_FinishedGood,16000
2537,16,2025-01-16,400918,RTL,1,4,Americano,1000,10000.00,1,"Check Co",2007,LAN_FinishedGood,10000
2538,16,2025-01-16,400918,RTL,2,4,"Hot Chocolate",5000,65000.00,1,"Check Co",2007,LAN_FinishedGood,65000
2539,16,2025-01-16,400918,RTL,3,4,"Bubble Milk Tea",3000,48000.00,1,"Check Co",2007,LAN_FinishedGood,48000
2540,16,2025-01-16,400918,RTL,1,7,Americano,8000,64000.00,1,"Check Co",2019,LAN_FinishedGood,64000
2541,16,2025-01-16,400918,RTL,2,7,"Hot Chocolate",3000,39000.00,1,"Check Co",2019,LAN_FinishedGood,39000
2542,16,2025-01-16,400918,RTL,3,7,"Bubble Milk Tea",3000,48000.00,1,"Check Co",2019,LAN_FinishedGood,48000
2543,16,2025-01-16,400919,RTL,1,7,Americano,3000,30000.00,2,"Alex Co",1921,LAN_FinishedGood,30000
2544,16,2025-01-16,400919,RTL,1,1,Americano,20000,200000.00,2,"Alex Co",1999,LAN_FinishedGood,200000
2545,16,2025-01-16,400919,RTL,1,7,Americano,5000,50000.00,1,"Check Co",2002,LAN_FinishedGood,50000
2546,16,2025-01-16,400919,RTL,1,5,Americano,3000,30000.00,1,"Check Co",2008,LAN_FinishedGood,30000
2547,16,2025-01-16,400919,RTL,2,5,"Hot Chocolate",1000,13000.00,1,"Check Co",2008,LAN_FinishedGood,13000
2548,16,2025-01-16,400919,RTL,3,5,"Bubble Milk Tea",8000,128000.00,1,"Check Co",2008,LAN_FinishedGood,128000
2549,16,2025-01-16,400919,RTL,1,6,Americano,5000,50000.00,1,"Check Co",2012,LAN_FinishedGood,50000
2550,16,2025-01-16,400919,RTL,2,6,"Hot Chocolate",12000,156000.00,1,"Check Co",2012,LAN_FinishedGood,156000
2551,16,2025-01-16,400919,RTL,3,6,"Bubble Milk Tea",8000,128000.00,1,"Check Co",2012,LAN_FinishedGood,128000
2552,16,2025-01-16,400919,RTL,1,4,Americano,5000,50000.00,1,"Check Co",2015,LAN_FinishedGood,50000
2553,16,2025-01-16,400919,RTL,2,4,"Hot Chocolate",12000,156000.00,1,"Check Co",2015,LAN_FinishedGood,156000
2554,16,2025-01-16,400919,RTL,3,4,"Bubble Milk Tea",8000,128000.00,1,"Check Co",2015,LAN_FinishedGood,128000
2555,16,2025-01-16,400919,RTL,3,3,"Bubble Milk Tea",12000,192000.00,2,"Alex Co",2016,LAN_FinishedGood,192000
2556,16,2025-01-16,400919,RTL,1,1,Americano,12000,120000.00,1,"Check Co",2017,LAN_FinishedGood,120000
2557,16,2025-01-16,400919,RTL,2,1,"Hot Chocolate",5000,65000.00,1,"Check Co",2017,LAN_FinishedGood,65000
2558,16,2025-01-16,400919,RTL,3,1,"Bubble Milk Tea",3000,48000.00,1,"Check Co",2017,LAN_FinishedGood,48000
2559,16,2025-01-16,400919,RTL,1,7,Americano,8000,80000.00,2,"Alex Co",2018,LAN_FinishedGood,80000
2560,16,2025-01-16,400919,RTL,1,2,Americano,12000,120000.00,1,"Check Co",2023,LAN_FinishedGood,120000
2561,16,2025-01-16,400919,RTL,2,2,"Hot Chocolate",5000,65000.00,1,"Check Co",2023,LAN_FinishedGood,65000
2562,16,2025-01-16,400919,RTL,3,2,"Bubble Milk Tea",8000,128000.00,1,"Check Co",2023,LAN_FinishedGood,128000
2712,17,2025-01-17,400917,RTL,2,6,"Hot Chocolate",3000,39000.00,2,"Alex Co",2052,LAN_FinishedGood,39000
2713,17,2025-01-17,400917,RTL,3,6,"Bubble Milk Tea",8000,102400.00,2,"Alex Co",2052,LAN_FinishedGood,102400
2714,17,2025-01-17,400917,RTL,1,7,Americano,12000,96000.00,2,"Alex Co",2102,LAN_FinishedGood,96000
2715,17,2025-01-17,400917,RTL,2,7,"Hot Chocolate",8000,83200.00,2,"Alex Co",2102,LAN_FinishedGood,83200
2716,17,2025-01-17,400917,RTL,1,3,Americano,12000,102000.00,1,"Check Co",2103,LAN_FinishedGood,102000
2717,17,2025-01-17,400917,RTL,3,3,"Bubble Milk Tea",30000,408000.00,1,"Check Co",2104,LAN_FinishedGood,408000
2718,17,2025-01-17,400917,RTL,3,4,"Bubble Milk Tea",8000,108800.00,1,"Check Co",2110,LAN_FinishedGood,108800
2719,17,2025-01-17,400917,RTL,1,2,Americano,40000,320000.00,2,"Alex Co",2111,LAN_FinishedGood,320000
2720,17,2025-01-17,400917,RTL,2,2,"Hot Chocolate",20000,208000.00,2,"Alex Co",2111,LAN_FinishedGood,208000
2721,17,2025-01-17,400917,RTL,3,2,"Bubble Milk Tea",12000,153600.00,2,"Alex Co",2111,LAN_FinishedGood,153600
2722,17,2025-01-17,400918,RTL,1,1,Americano,8000,64000.00,1,"Check Co",2108,LAN_FinishedGood,64000
2723,17,2025-01-17,400918,RTL,2,1,"Hot Chocolate",3000,39000.00,1,"Check Co",2108,LAN_FinishedGood,39000
2724,17,2025-01-17,400918,RTL,3,1,"Bubble Milk Tea",3000,48000.00,1,"Check Co",2108,LAN_FinishedGood,48000
2873,18,2025-01-18,400918,RTL,2,4,"Hot Chocolate",5000,65000.00,2,"Alex Co",2112,LAN_FinishedGood,65000
2874,18,2025-01-18,400918,RTL,1,2,Americano,5000,50000.00,2,"Alex Co",2181,LAN_FinishedGood,50000
2875,18,2025-01-18,400918,RTL,2,2,"Hot Chocolate",5000,65000.00,2,"Alex Co",2181,LAN_FinishedGood,65000
2876,18,2025-01-18,400919,RTL,1,5,Americano,3000,30000.00,1,"Check Co",2153,LAN_FinishedGood,30000
2877,18,2025-01-18,400919,RTL,2,5,"Hot Chocolate",3000,39000.00,1,"Check Co",2153,LAN_FinishedGood,39000
2878,18,2025-01-18,400919,RTL,3,5,"Bubble Milk Tea",3000,48000.00,1,"Check Co",2153,LAN_FinishedGood,48000
2879,18,2025-01-18,400919,RTL,2,3,"Hot Chocolate",5000,65000.00,2,"Alex Co",2176,LAN_FinishedGood,65000
2880,18,2025-01-18,400919,RTL,1,1,Americano,12000,120000.00,1,"Check Co",2179,LAN_FinishedGood,120000
2881,18,2025-01-18,400919,RTL,2,1,"Hot Chocolate",5000,65000.00,1,"Check Co",2179,LAN_FinishedGood,65000
2882,18,2025-01-18,400919,RTL,3,1,"Bubble Milk Tea",3000,48000.00,1,"Check Co",2179,LAN_FinishedGood,48000
2883,18,2025-01-18,400919,RTL,1,6,Americano,3000,30000.00,1,"Check Co",2180,LAN_FinishedGood,30000
2884,18,2025-01-18,400919,RTL,2,6,"Hot Chocolate",3000,39000.00,1,"Check Co",2180,LAN_FinishedGood,39000
2885,18,2025-01-18,400919,RTL,3,6,"Bubble Milk Tea",3000,48000.00,1,"Check Co",2180,LAN_FinishedGood,48000
2886,18,2025-01-18,400919,RTL,3,6,"Bubble Milk Tea",12000,192000.00,1,"Check Co",2182,LAN_FinishedGood,192000
3033,19,2025-01-19,400917,RTL,1,6,Americano,1000,10000.00,2,"Alex Co",2187,LAN_FinishedGood,10000
3034,19,2025-01-19,400917,RTL,2,6,"Hot Chocolate",3000,39000.00,2,"Alex Co",2187,LAN_FinishedGood,39000
3035,19,2025-01-19,400917,RTL,3,6,"Bubble Milk Tea",5000,80000.00,2,"Alex Co",2187,LAN_FinishedGood,80000
3036,19,2025-01-19,400917,RTL,2,1,"Hot Chocolate",8000,83200.00,2,"Alex Co",2189,LAN_FinishedGood,83200
3037,19,2025-01-19,400917,RTL,1,5,Americano,5000,42500.00,1,"Check Co",2266,LAN_FinishedGood,42500
3038,19,2025-01-19,400918,RTL,1,3,Americano,5000,50000.00,2,"Alex Co",2214,LAN_FinishedGood,50000
3039,19,2025-01-19,400918,RTL,2,3,"Hot Chocolate",5000,65000.00,2,"Alex Co",2214,LAN_FinishedGood,65000
3040,19,2025-01-19,400918,RTL,3,3,"Bubble Milk Tea",3000,48000.00,2,"Alex Co",2214,LAN_FinishedGood,48000
3041,19,2025-01-19,400918,RTL,1,5,Americano,5000,50000.00,2,"Alex Co",2260,LAN_FinishedGood,50000
3042,19,2025-01-19,400918,RTL,2,5,"Hot Chocolate",1000,13130.00,2,"Alex Co",2260,LAN_FinishedGood,13130
3043,19,2025-01-19,400918,RTL,3,5,"Bubble Milk Tea",5000,80000.00,2,"Alex Co",2260,LAN_FinishedGood,80000
3044,19,2025-01-19,400919,RTL,1,2,Americano,12000,120000.00,1,"Check Co",2185,LAN_FinishedGood,120000
3045,19,2025-01-19,400919,RTL,2,2,"Hot Chocolate",8000,104000.00,1,"Check Co",2185,LAN_FinishedGood,104000
3046,19,2025-01-19,400919,RTL,3,2,"Bubble Milk Tea",5000,80000.00,1,"Check Co",2185,LAN_FinishedGood,80000
3047,19,2025-01-19,400919,RTL,1,4,Americano,12000,120000.00,1,"Check Co",2261,LAN_FinishedGood,120000
3048,19,2025-01-19,400919,RTL,2,4,"Hot Chocolate",20000,260000.00,1,"Check Co",2261,LAN_FinishedGood,260000
3049,19,2025-01-19,400919,RTL,3,4,"Bubble Milk Tea",12000,192000.00,1,"Check Co",2261,LAN_FinishedGood,192000
3050,19,2025-01-19,400919,RTL,1,3,Americano,8000,80000.00,1,"Check Co",2263,LAN_FinishedGood,80000
3210,20,2025-01-20,400917,RTL,1,6,Americano,1000,10000.00,2,"Alex Co",2354,LAN_FinishedGood,10000
3211,20,2025-01-20,400917,RTL,2,6,"Hot Chocolate",3000,39000.00,2,"Alex Co",2354,LAN_FinishedGood,39000
3212,20,2025-01-20,400917,RTL,3,6,"Bubble Milk Tea",3000,48000.00,2,"Alex Co",2354,LAN_FinishedGood,48000
3213,20,2025-01-20,400918,RTL,1,1,Americano,3000,30000.00,2,"Alex Co",2353,LAN_FinishedGood,30000
3214,20,2025-01-20,400918,RTL,2,1,"Hot Chocolate",3000,39000.00,2,"Alex Co",2353,LAN_FinishedGood,39000
3215,20,2025-01-20,400918,RTL,3,1,"Bubble Milk Tea",3000,48000.00,2,"Alex Co",2353,LAN_FinishedGood,48000
3216,20,2025-01-20,400919,RTL,1,5,Americano,3000,30000.00,1,"Check Co",2351,LAN_FinishedGood,30000
3217,20,2025-01-20,400919,RTL,2,5,"Hot Chocolate",3000,39000.00,1,"Check Co",2351,LAN_FinishedGood,39000
3218,20,2025-01-20,400919,RTL,3,5,"Bubble Milk Tea",3000,48000.00,1,"Check Co",2351,LAN_FinishedGood,48000
3219,20,2025-01-20,400919,RTL,1,7,Americano,8000,80000.00,2,"Alex Co",2363,LAN_FinishedGood,80000
3220,20,2025-01-20,400919,RTL,1,5,Americano,3000,30000.00,1,"Check Co",2365,LAN_FinishedGood,30000
3221,20,2025-01-20,400919,RTL,2,5,"Hot Chocolate",3000,39000.00,1,"Check Co",2365,LAN_FinishedGood,39000
3222,20,2025-01-20,400919,RTL,3,5,"Bubble Milk Tea",3000,48000.00,1,"Check Co",2365,LAN_FinishedGood,48000
3223,20,2025-01-20,400919,RTL,1,1,Americano,12000,120000.00,1,"Check Co",2367,LAN_FinishedGood,120000
3389,21,2025-01-21,400917,RTL,3,5,"Bubble Milk Tea",12000,153600.00,2,"Alex Co",2459,LAN_FinishedGood,153600
3390,21,2025-01-21,400917,RTL,2,4,"Hot Chocolate",12000,132600.00,1,"Check Co",2460,LAN_FinishedGood,132600
3391,21,2025-01-21,400918,RTL,1,7,Americano,5000,50000.00,2,"Alex Co",2458,LAN_FinishedGood,50000
3392,21,2025-01-21,400918,RTL,2,7,"Hot Chocolate",3000,39000.00,2,"Alex Co",2458,LAN_FinishedGood,39000
3393,21,2025-01-21,400918,RTL,3,7,"Bubble Milk Tea",3000,48000.00,2,"Alex Co",2458,LAN_FinishedGood,48000
3394,21,2025-01-21,400918,RTL,1,2,Americano,5000,50000.00,2,"Alex Co",2461,LAN_FinishedGood,50000
3395,21,2025-01-21,400918,RTL,2,2,"Hot Chocolate",1000,13000.00,2,"Alex Co",2461,LAN_FinishedGood,13000
3396,21,2025-01-21,400918,RTL,3,2,"Bubble Milk Tea",3000,48000.00,2,"Alex Co",2461,LAN_FinishedGood,48000
3397,21,2025-01-21,400919,RTL,1,7,Americano,5000,50000.00,2,"Alex Co",2468,LAN_FinishedGood,50000
3554,22,2025-01-22,400917,RTL,3,4,"Bubble Milk Tea",5000,68000.00,1,"Check Co",2493,LAN_FinishedGood,68000
3555,22,2025-01-22,400918,RTL,2,6,"Hot Chocolate",5000,65000.00,1,"Check Co",2553,LAN_FinishedGood,65000
3556,22,2025-01-22,400918,RTL,3,6,"Bubble Milk Tea",5000,80000.00,1,"Check Co",2553,LAN_FinishedGood,80000
3557,22,2025-01-22,400919,RTL,1,5,Americano,1000,10000.00,1,"Check Co",2554,LAN_FinishedGood,10000
3558,22,2025-01-22,400919,RTL,2,5,"Hot Chocolate",1000,13000.00,1,"Check Co",2554,LAN_FinishedGood,13000
3559,22,2025-01-22,400919,RTL,3,5,"Bubble Milk Tea",1000,16000.00,1,"Check Co",2554,LAN_FinishedGood,16000
3713,23,2025-01-23,400917,RTL,1,4,Americano,1000,10000.00,1,"Check Co",2625,LAN_FinishedGood,10000
3714,23,2025-01-23,400917,RTL,1,1,Americano,30000,240000.00,2,"Alex Co",2637,LAN_FinishedGood,240000
3715,23,2025-01-23,400917,RTL,2,1,"Hot Chocolate",12000,124800.00,2,"Alex Co",2637,LAN_FinishedGood,124800
3716,23,2025-01-23,400917,RTL,2,3,"Hot Chocolate",1000,13000.00,1,"Check Co",2638,LAN_FinishedGood,13000
3717,23,2025-01-23,400917,RTL,1,5,Americano,5000,50000.00,2,"Alex Co",2644,LAN_FinishedGood,50000
3718,23,2025-01-23,400917,RTL,3,5,"Bubble Milk Tea",12000,153600.00,2,"Alex Co",2644,LAN_FinishedGood,153600
3719,23,2025-01-23,400918,RTL,1,4,Americano,3000,30000.00,1,"Check Co",2628,LAN_FinishedGood,30000
3720,23,2025-01-23,400918,RTL,2,4,"Hot Chocolate",5000,65000.00,1,"Check Co",2628,LAN_FinishedGood,65000
3721,23,2025-01-23,400918,RTL,3,4,"Bubble Milk Tea",3000,48000.00,1,"Check Co",2628,LAN_FinishedGood,48000
3722,23,2025-01-23,400918,RTL,1,1,Americano,5000,50000.00,1,"Check Co",2633,LAN_FinishedGood,50000
3723,23,2025-01-23,400918,RTL,2,1,"Hot Chocolate",5000,65000.00,1,"Check Co",2633,LAN_FinishedGood,65000
3724,23,2025-01-23,400918,RTL,3,1,"Bubble Milk Tea",3000,48000.00,1,"Check Co",2633,LAN_FinishedGood,48000
3725,23,2025-01-23,400918,RTL,1,2,Americano,5000,50000.00,2,"Alex Co",2640,LAN_FinishedGood,50000
3726,23,2025-01-23,400918,RTL,2,2,"Hot Chocolate",3000,39000.00,2,"Alex Co",2640,LAN_FinishedGood,39000
3727,23,2025-01-23,400918,RTL,3,2,"Bubble Milk Tea",5000,80000.00,2,"Alex Co",2640,LAN_FinishedGood,80000
3728,23,2025-01-23,400918,RTL,1,6,Americano,3000,30000.00,1,"Check Co",2647,LAN_FinishedGood,30000
3729,23,2025-01-23,400918,RTL,2,6,"Hot Chocolate",3000,39000.00,1,"Check Co",2647,LAN_FinishedGood,39000
3730,23,2025-01-23,400918,RTL,3,6,"Bubble Milk Tea",5000,80000.00,1,"Check Co",2647,LAN_FinishedGood,80000
3731,23,2025-01-23,400918,RTL,1,7,Americano,5000,50000.00,1,"Check Co",2650,LAN_FinishedGood,50000
3732,23,2025-01-23,400919,RTL,1,1,Americano,12000,90000.00,1,"Check Co",2627,LAN_FinishedGood,90000
3733,23,2025-01-23,400919,RTL,3,3,"Bubble Milk Tea",8000,96000.00,1,"Check Co",2629,LAN_FinishedGood,96000
3734,23,2025-01-23,400919,RTL,1,5,Americano,5000,50000.00,1,"Check Co",2632,LAN_FinishedGood,50000
3735,23,2025-01-23,400919,RTL,2,5,"Hot Chocolate",1000,13000.00,1,"Check Co",2632,LAN_FinishedGood,13000
3736,23,2025-01-23,400919,RTL,3,5,"Bubble Milk Tea",5000,80000.00,1,"Check Co",2632,LAN_FinishedGood,80000
3737,23,2025-01-23,400919,RTL,2,1,"Hot Chocolate",12000,117000.00,1,"Check Co",2634,LAN_FinishedGood,117000
3738,23,2025-01-23,400919,RTL,1,4,Americano,3000,30000.00,1,"Check Co",2635,LAN_FinishedGood,30000
3739,23,2025-01-23,400919,RTL,2,4,"Hot Chocolate",8000,78000.00,1,"Check Co",2635,LAN_FinishedGood,78000
3740,23,2025-01-23,400919,RTL,3,4,"Bubble Milk Tea",5000,80000.00,1,"Check Co",2635,LAN_FinishedGood,80000
3741,23,2025-01-23,400919,RTL,1,2,Americano,12000,90000.00,1,"Check Co",2639,LAN_FinishedGood,90000
3742,23,2025-01-23,400919,RTL,2,2,"Hot Chocolate",8000,78000.00,1,"Check Co",2639,LAN_FinishedGood,78000
3743,23,2025-01-23,400919,RTL,1,7,Americano,8000,60000.00,1,"Check Co",2643,LAN_FinishedGood,60000
3744,23,2025-01-23,400919,RTL,3,3,"Bubble Milk Tea",12000,144000.00,1,"Check Co",2649,LAN_FinishedGood,144000
3902,24,2025-01-24,400917,RTL,1,6,Americano,3000,30000.00,2,"Alex Co",2658,LAN_FinishedGood,30000
3903,24,2025-01-24,400917,RTL,2,6,"Hot Chocolate",8000,83200.00,2,"Alex Co",2658,LAN_FinishedGood,83200
3904,24,2025-01-24,400917,RTL,3,6,"Bubble Milk Tea",12000,153600.00,2,"Alex Co",2658,LAN_FinishedGood,153600
3905,24,2025-01-24,400917,RTL,1,3,Americano,1000,10000.00,1,"Check Co",2742,LAN_FinishedGood,10000
3906,24,2025-01-24,400918,RTL,1,7,Americano,3000,30000.00,1,"Check Co",2745,LAN_FinishedGood,30000
3907,24,2025-01-24,400918,RTL,2,7,"Hot Chocolate",5000,65000.00,1,"Check Co",2745,LAN_FinishedGood,65000
3908,24,2025-01-24,400918,RTL,3,7,"Bubble Milk Tea",3000,48000.00,1,"Check Co",2745,LAN_FinishedGood,48000
3909,24,2025-01-24,400918,RTL,1,6,Americano,1000,10000.00,1,"Check Co",2750,LAN_FinishedGood,10000
3910,24,2025-01-24,400918,RTL,2,6,"Hot Chocolate",3000,39000.00,1,"Check Co",2750,LAN_FinishedGood,39000
3911,24,2025-01-24,400918,RTL,3,6,"Bubble Milk Tea",5000,80000.00,1,"Check Co",2750,LAN_FinishedGood,80000
3912,24,2025-01-24,400919,RTL,1,5,Americano,3000,30000.00,1,"Check Co",2741,LAN_FinishedGood,30000
3913,24,2025-01-24,400919,RTL,3,5,"Bubble Milk Tea",3000,48000.00,1,"Check Co",2741,LAN_FinishedGood,48000
3914,24,2025-01-24,400919,RTL,1,1,Americano,30000,225000.00,1,"Check Co",2744,LAN_FinishedGood,225000
3915,24,2025-01-24,400919,RTL,2,1,"Hot Chocolate",12000,117000.00,1,"Check Co",2744,LAN_FinishedGood,117000
3916,24,2025-01-24,400919,RTL,3,1,"Bubble Milk Tea",8000,96000.00,1,"Check Co",2744,LAN_FinishedGood,96000
3917,24,2025-01-24,400919,RTL,2,6,"Hot Chocolate",8000,78000.00,1,"Check Co",2752,LAN_FinishedGood,78000
3918,24,2025-01-24,400919,RTL,3,6,"Bubble Milk Tea",12000,144000.00,1,"Check Co",2752,LAN_FinishedGood,144000
4080,25,2025-01-25,400917,RTL,2,7,"Hot Chocolate",5000,65000.00,1,"Check Co",2753,LAN_FinishedGood,65000
4081,25,2025-01-25,400917,RTL,3,7,"Bubble Milk Tea",8000,102400.00,1,"Check Co",2753,LAN_FinishedGood,102400
4082,25,2025-01-25,400917,RTL,2,4,"Hot Chocolate",8000,83200.00,2,"Alex Co",2754,LAN_FinishedGood,83200
4083,25,2025-01-25,400918,RTL,1,4,Americano,3000,30600.00,1,"Check Co",2841,LAN_FinishedGood,30600
4084,25,2025-01-25,400918,RTL,2,4,"Hot Chocolate",8000,78780.00,1,"Check Co",2841,LAN_FinishedGood,78780
4085,25,2025-01-25,400918,RTL,3,4,"Bubble Milk Tea",3000,48960.00,1,"Check Co",2841,LAN_FinishedGood,48960
4086,25,2025-01-25,400918,RTL,1,1,Americano,12000,91800.00,1,"Check Co",2842,LAN_FinishedGood,91800
4087,25,2025-01-25,400918,RTL,2,1,"Hot Chocolate",3000,39390.00,1,"Check Co",2842,LAN_FinishedGood,39390
4088,25,2025-01-25,400918,RTL,1,5,Americano,5000,50000.00,2,"Alex Co",2847,LAN_FinishedGood,50000
4089,25,2025-01-25,400918,RTL,2,5,"Hot Chocolate",1000,13000.00,2,"Alex Co",2847,LAN_FinishedGood,13000
4090,25,2025-01-25,400918,RTL,3,5,"Bubble Milk Tea",8000,128000.00,2,"Alex Co",2847,LAN_FinishedGood,128000
4091,25,2025-01-25,400919,RTL,1,2,Americano,20000,150000.00,1,"Check Co",2749,LAN_FinishedGood,150000
4092,25,2025-01-25,400919,RTL,2,2,"Hot Chocolate",8000,78000.00,1,"Check Co",2749,LAN_FinishedGood,78000
4093,25,2025-01-25,400919,RTL,3,2,"Bubble Milk Tea",12000,144000.00,1,"Check Co",2749,LAN_FinishedGood,144000
4094,25,2025-01-25,400919,RTL,1,7,Americano,12000,91800.00,1,"Check Co",2844,LAN_FinishedGood,91800
4264,26,2025-01-26,400917,RTL,1,1,Americano,8000,56000.00,2,"Alex Co",2936,LAN_FinishedGood,56000
4265,26,2025-01-26,400917,RTL,2,1,"Hot Chocolate",8000,72800.00,2,"Alex Co",2936,LAN_FinishedGood,72800
4266,26,2025-01-26,400918,RTL,1,3,Americano,3000,30000.00,1,"Check Co",2937,LAN_FinishedGood,30000
4267,26,2025-01-26,400918,RTL,3,3,"Bubble Milk Tea",8000,96000.00,1,"Check Co",2937,LAN_FinishedGood,96000
4268,26,2025-01-26,400918,RTL,1,2,Americano,12000,90000.00,1,"Check Co",2941,LAN_FinishedGood,90000
4269,26,2025-01-26,400918,RTL,2,2,"Hot Chocolate",1000,13000.00,1,"Check Co",2941,LAN_FinishedGood,13000
4270,26,2025-01-26,400918,RTL,3,2,"Bubble Milk Tea",1000,16000.00,1,"Check Co",2941,LAN_FinishedGood,16000
4434,27,2025-01-27,400917,RTL,1,3,Americano,1000,10000.00,2,"Alex Co",2946,LAN_FinishedGood,10000
4435,27,2025-01-27,400917,RTL,1,1,Americano,12000,84000.00,2,"Alex Co",3018,LAN_FinishedGood,84000
4436,27,2025-01-27,400917,RTL,2,1,"Hot Chocolate",3000,39000.00,2,"Alex Co",3018,LAN_FinishedGood,39000
4437,27,2025-01-27,400917,RTL,1,6,Americano,1000,10000.00,2,"Alex Co",3020,LAN_FinishedGood,10000
4438,27,2025-01-27,400917,RTL,2,6,"Hot Chocolate",3000,39000.00,2,"Alex Co",3020,LAN_FinishedGood,39000
4439,27,2025-01-27,400917,RTL,3,6,"Bubble Milk Tea",3000,48000.00,2,"Alex Co",3020,LAN_FinishedGood,48000
4440,27,2025-01-27,400917,RTL,2,4,"Hot Chocolate",8000,72800.00,2,"Alex Co",3022,LAN_FinishedGood,72800
4441,27,2025-01-27,400917,RTL,1,2,Americano,3000,30000.00,1,"Check Co",3024,LAN_FinishedGood,30000
4442,27,2025-01-27,400917,RTL,3,2,"Bubble Milk Tea",1000,16000.00,1,"Check Co",3024,LAN_FinishedGood,16000
4443,27,2025-01-27,400918,RTL,1,1,Americano,12000,90000.00,1,"Check Co",3016,LAN_FinishedGood,90000
4444,27,2025-01-27,400918,RTL,2,1,"Hot Chocolate",5000,65000.00,1,"Check Co",3016,LAN_FinishedGood,65000
4445,27,2025-01-27,400918,RTL,3,1,"Bubble Milk Tea",5000,80000.00,1,"Check Co",3016,LAN_FinishedGood,80000
4446,27,2025-01-27,400918,RTL,1,2,Americano,5000,50000.00,1,"Check Co",3023,LAN_FinishedGood,50000
4447,27,2025-01-27,400918,RTL,2,2,"Hot Chocolate",1000,13000.00,1,"Check Co",3023,LAN_FinishedGood,13000
4448,27,2025-01-27,400918,RTL,3,2,"Bubble Milk Tea",3000,48000.00,1,"Check Co",3023,LAN_FinishedGood,48000
4449,27,2025-01-27,400919,RTL,1,5,Americano,3000,30000.00,1,"Check Co",3017,LAN_FinishedGood,30000
4450,27,2025-01-27,400919,RTL,2,5,"Hot Chocolate",1000,13000.00,1,"Check Co",3017,LAN_FinishedGood,13000
4451,27,2025-01-27,400919,RTL,3,5,"Bubble Milk Tea",5000,80000.00,1,"Check Co",3017,LAN_FinishedGood,80000
4452,27,2025-01-27,400919,RTL,3,3,"Bubble Milk Tea",8000,96000.00,1,"Check Co",3019,LAN_FinishedGood,96000
4453,27,2025-01-27,400919,RTL,1,4,Americano,3000,30000.00,1,"Check Co",3025,LAN_FinishedGood,30000
4454,27,2025-01-27,400919,RTL,2,4,"Hot Chocolate",8000,78000.00,1,"Check Co",3025,LAN_FinishedGood,78000
4455,27,2025-01-27,400919,RTL,3,4,"Bubble Milk Tea",8000,96000.00,1,"Check Co",3025,LAN_FinishedGood,96000
4612,28,2025-01-28,400917,RTL,1,7,Americano,8000,56000.00,2,"Alex Co",3060,LAN_FinishedGood,56000
4613,28,2025-01-28,400917,RTL,2,7,"Hot Chocolate",3000,39000.00,2,"Alex Co",3060,LAN_FinishedGood,39000
4614,28,2025-01-28,400917,RTL,3,4,"Bubble Milk Tea",3000,48000.00,2,"Alex Co",3087,LAN_FinishedGood,48000
4615,28,2025-01-28,400917,RTL,3,5,"Bubble Milk Tea",8000,89600.00,2,"Alex Co",3094,LAN_FinishedGood,89600
4616,28,2025-01-28,400917,RTL,1,6,Americano,3000,30000.00,2,"Alex Co",3095,LAN_FinishedGood,30000
4617,28,2025-01-28,400917,RTL,2,6,"Hot Chocolate",5000,65000.00,2,"Alex Co",3095,LAN_FinishedGood,65000
4618,28,2025-01-28,400917,RTL,3,6,"Bubble Milk Tea",8000,89600.00,2,"Alex Co",3095,LAN_FinishedGood,89600
4619,28,2025-01-28,400918,RTL,1,7,Americano,5000,50000.00,2,"Alex Co",3083,LAN_FinishedGood,50000
4620,28,2025-01-28,400918,RTL,2,7,"Hot Chocolate",3000,39000.00,2,"Alex Co",3083,LAN_FinishedGood,39000
4621,28,2025-01-28,400918,RTL,1,3,Americano,8000,60000.00,1,"Check Co",3088,LAN_FinishedGood,60000
4622,28,2025-01-28,400918,RTL,2,3,"Hot Chocolate",8000,78000.00,1,"Check Co",3088,LAN_FinishedGood,78000
4623,28,2025-01-28,400918,RTL,3,3,"Bubble Milk Tea",8000,96000.00,1,"Check Co",3088,LAN_FinishedGood,96000
4624,28,2025-01-28,400918,RTL,1,5,Americano,3000,30000.00,1,"Check Co",3092,LAN_FinishedGood,30000
4625,28,2025-01-28,400918,RTL,2,5,"Hot Chocolate",3000,39000.00,1,"Check Co",3092,LAN_FinishedGood,39000
4626,28,2025-01-28,400918,RTL,3,5,"Bubble Milk Tea",8000,96000.00,1,"Check Co",3092,LAN_FinishedGood,96000
4627,28,2025-01-28,400919,RTL,1,5,Americano,5000,50000.00,1,"Check Co",3089,LAN_FinishedGood,50000
4628,28,2025-01-28,400919,RTL,2,5,"Hot Chocolate",3000,39000.00,1,"Check Co",3089,LAN_FinishedGood,39000
4629,28,2025-01-28,400919,RTL,3,5,"Bubble Milk Tea",5000,80000.00,1,"Check Co",3089,LAN_FinishedGood,80000
4630,28,2025-01-28,400919,RTL,1,1,Americano,12000,90000.00,1,"Check Co",3090,LAN_FinishedGood,90000
4631,28,2025-01-28,400919,RTL,2,1,"Hot Chocolate",8000,78000.00,1,"Check Co",3090,LAN_FinishedGood,78000
4632,28,2025-01-28,400919,RTL,3,1,"Bubble Milk Tea",5000,80000.00,1,"Check Co",3090,LAN_FinishedGood,80000
4633,28,2025-01-28,400919,RTL,1,3,Americano,12000,90000.00,1,"Check Co",3091,LAN_FinishedGood,90000
4634,28,2025-01-28,400919,RTL,2,6,"Hot Chocolate",5000,65000.00,1,"Check Co",3093,LAN_FinishedGood,65000
4635,28,2025-01-28,400919,RTL,3,6,"Bubble Milk Tea",5000,80000.00,1,"Check Co",3093,LAN_FinishedGood,80000
4786,29,2025-01-29,400917,RTL,1,2,Americano,3000,30000.00,1,"Check Co",3169,LAN_FinishedGood,30000
4787,29,2025-01-29,400917,RTL,3,2,"Bubble Milk Tea",1000,16000.00,1,"Check Co",3169,LAN_FinishedGood,16000
4788,29,2025-01-29,400917,RTL,1,3,Americano,3000,30000.00,2,"Alex Co",3170,LAN_FinishedGood,30000
4789,29,2025-01-29,400917,RTL,1,1,Americano,5000,50000.00,2,"Alex Co",3177,LAN_FinishedGood,50000
4790,29,2025-01-29,400917,RTL,2,1,"Hot Chocolate",5000,65000.00,2,"Alex Co",3177,LAN_FinishedGood,65000
4791,29,2025-01-29,400918,RTL,2,4,"Hot Chocolate",5000,65000.00,2,"Alex Co",3096,LAN_FinishedGood,65000
4792,29,2025-01-29,400918,RTL,2,4,"Hot Chocolate",12000,156000.00,2,"Alex Co",3173,LAN_FinishedGood,156000
4793,29,2025-01-29,400918,RTL,2,6,"Hot Chocolate",8000,78000.00,1,"Check Co",3180,LAN_FinishedGood,78000
4794,29,2025-01-29,400919,RTL,1,1,Americano,8000,60000.00,1,"Check Co",3121,LAN_FinishedGood,60000
4795,29,2025-01-29,400919,RTL,2,1,"Hot Chocolate",5000,65000.00,1,"Check Co",3121,LAN_FinishedGood,65000
4796,29,2025-01-29,400919,RTL,3,1,"Bubble Milk Tea",3000,48000.00,1,"Check Co",3121,LAN_FinishedGood,48000
4797,29,2025-01-29,400919,RTL,1,1,Americano,12000,90000.00,1,"Check Co",3175,LAN_FinishedGood,90000
4798,29,2025-01-29,400919,RTL,1,5,Americano,3000,30000.00,1,"Check Co",3176,LAN_FinishedGood,30000
4799,29,2025-01-29,400919,RTL,2,5,"Hot Chocolate",1000,13000.00,1,"Check Co",3176,LAN_FinishedGood,13000
4800,29,2025-01-29,400919,RTL,3,5,"Bubble Milk Tea",3000,48000.00,1,"Check Co",3176,LAN_FinishedGood,48000
4801,29,2025-01-29,400919,RTL,2,4,"Hot Chocolate",8000,78000.00,1,"Check Co",3178,LAN_FinishedGood,78000
4802,29,2025-01-29,400919,RTL,2,6,"Hot Chocolate",3000,39000.00,1,"Check Co",3179,LAN_FinishedGood,39000
4803,29,2025-01-29,400919,RTL,3,6,"Bubble Milk Tea",3000,48000.00,1,"Check Co",3179,LAN_FinishedGood,48000
4804,29,2025-01-29,400919,RTL,1,7,Americano,5000,50000.00,1,"Check Co",3181,LAN_FinishedGood,50000
