id,day,date,teamid,dept,p_id,l_id,product,media,trxid,tpe,marketing_amount
603,2,2025-01-02,400917,MKT,,,,,,"LAN_Marketing LAN_Report",2000
687,3,2025-01-03,400917,MKT,,,,,,"LAN_Marketing LAN_Report",2000
688,3,2025-01-03,400917,MKT,,1,,1,,"LAN_Marketing LAN_Daily",3000
717,3,2025-01-03,400918,MKT,,,,,,"LAN_Marketing LAN_Report",2000
738,3,2025-01-03,400919,MKT,,,,,,"LAN_Marketing LAN_Report",2000
783,4,2025-01-04,400917,MKT,,,,,,"LAN_Marketing LAN_Report",2000
784,4,2025-01-04,400917,MKT,,3,,2,,"LAN_Marketing LAN_Daily",1500
785,4,2025-01-04,400917,MKT,,7,,2,,"LAN_Marketing LAN_Daily",1500
786,4,2025-01-04,400917,MKT,,2,,2,,"LAN_Marketing LAN_Daily",1500
787,4,2025-01-04,400917,MKT,,5,,2,,"LAN_Marketing LAN_Daily",1500
788,4,2025-01-04,400917,MKT,,6,,2,,"LAN_Marketing LAN_Daily",1500
789,4,2025-01-04,400917,MKT,,1,,1,,"LAN_Marketing LAN_Daily",3000
818,4,2025-01-04,400918,MKT,,,,,,"LAN_Marketing LAN_Report",2000
841,4,2025-01-04,400919,MKT,,,,,,"LAN_Marketing LAN_Report",2000
842,4,2025-01-04,400919,MKT,,5,,3,,"LAN_Marketing LAN_Daily",200
892,5,2025-01-05,400917,MKT,,,,,,"LAN_Marketing LAN_Report",2000
893,5,2025-01-05,400917,MKT,,3,,3,,"LAN_Marketing LAN_Daily",1100
894,5,2025-01-05,400917,MKT,,1,,3,,"LAN_Marketing LAN_Daily",1100
895,5,2025-01-05,400917,MKT,,7,,3,,"LAN_Marketing LAN_Daily",1100
896,5,2025-01-05,400917,MKT,,2,,3,,"LAN_Marketing LAN_Daily",1100
897,5,2025-01-05,400917,MKT,,5,,3,,"LAN_Marketing LAN_Daily",1100
898,5,2025-01-05,400917,MKT,,6,,3,,"LAN_Marketing LAN_Daily",1100
899,5,2025-01-05,400917,MKT,,3,,2,,"LAN_Marketing LAN_Daily",1500
900,5,2025-01-05,400917,MKT,,7,,2,,"LAN_Marketing LAN_Daily",1500
901,5,2025-01-05,400917,MKT,,2,,2,,"LAN_Marketing LAN_Daily",1500
902,5,2025-01-05,400917,MKT,,5,,2,,"LAN_Marketing LAN_Daily",1500
903,5,2025-01-05,400917,MKT,,6,,2,,"LAN_Marketing LAN_Daily",1500
904,5,2025-01-05,400917,MKT,,1,,1,,"LAN_Marketing LAN_Daily",3000
935,5,2025-01-05,400918,MKT,,,,,,"LAN_Marketing LAN_Report",2000
960,5,2025-01-05,400919,MKT,,,,,,"LAN_Marketing LAN_Report",2000
961,5,2025-01-05,400919,MKT,,5,,3,,"LAN_Marketing LAN_Daily",200
1027,6,2025-01-06,400917,MKT,,,,,,"LAN_Marketing LAN_Report",2000
1028,6,2025-01-06,400917,MKT,,3,,3,,"LAN_Marketing LAN_Daily",1100
1029,6,2025-01-06,400917,MKT,,1,,3,,"LAN_Marketing LAN_Daily",1100
1030,6,2025-01-06,400917,MKT,,7,,3,,"LAN_Marketing LAN_Daily",1100
1031,6,2025-01-06,400917,MKT,,2,,3,,"LAN_Marketing LAN_Daily",1100
1032,6,2025-01-06,400917,MKT,,5,,3,,"LAN_Marketing LAN_Daily",1100
1033,6,2025-01-06,400917,MKT,,6,,3,,"LAN_Marketing LAN_Daily",1100
1034,6,2025-01-06,400917,MKT,,3,,2,,"LAN_Marketing LAN_Daily",1500
1035,6,2025-01-06,400917,MKT,,7,,2,,"LAN_Marketing LAN_Daily",1500
1036,6,2025-01-06,400917,MKT,,2,,2,,"LAN_Marketing LAN_Daily",1500
1037,6,2025-01-06,400917,MKT,,5,,2,,"LAN_Marketing LAN_Daily",1500
1038,6,2025-01-06,400917,MKT,,6,,2,,"LAN_Marketing LAN_Daily",1500
1039,6,2025-01-06,400917,MKT,,1,,1,,"LAN_Marketing LAN_Daily",3000
1068,6,2025-01-06,400918,MKT,,,,,,"LAN_Marketing LAN_Report",2000
1091,6,2025-01-06,400919,MKT,,,,,,"LAN_Marketing LAN_Report",2000
1092,6,2025-01-06,400919,MKT,,5,,3,,"LAN_Marketing LAN_Daily",200
1147,7,2025-01-07,400917,MKT,,,,,,"LAN_Marketing LAN_Report",2000
1148,7,2025-01-07,400917,MKT,,3,,3,,"LAN_Marketing LAN_Daily",1100
1149,7,2025-01-07,400917,MKT,,1,,3,,"LAN_Marketing LAN_Daily",1100
1150,7,2025-01-07,400917,MKT,,7,,3,,"LAN_Marketing LAN_Daily",1100
1151,7,2025-01-07,400917,MKT,,2,,3,,"LAN_Marketing LAN_Daily",1100
1152,7,2025-01-07,400917,MKT,,5,,3,,"LAN_Marketing LAN_Daily",1100
1153,7,2025-01-07,400917,MKT,,6,,3,,"LAN_Marketing LAN_Daily",1100
1154,7,2025-01-07,400917,MKT,,3,,2,,"LAN_Marketing LAN_Daily",1500
1155,7,2025-01-07,400917,MKT,,7,,2,,"LAN_Marketing LAN_Daily",1500
1156,7,2025-01-07,400917,MKT,,2,,2,,"LAN_Marketing LAN_Daily",1500
1157,7,2025-01-07,400917,MKT,,5,,2,,"LAN_Marketing LAN_Daily",1500
1158,7,2025-01-07,400917,MKT,,6,,2,,"LAN_Marketing LAN_Daily",1500
1159,7,2025-01-07,400917,MKT,,3,,1,,"LAN_Marketing LAN_Daily",1000
1160,7,2025-01-07,400917,MKT,,1,,1,,"LAN_Marketing LAN_Daily",1000
1161,7,2025-01-07,400917,MKT,,7,,1,,"LAN_Marketing LAN_Daily",1000
1162,7,2025-01-07,400917,MKT,,2,,1,,"LAN_Marketing LAN_Daily",1000
1163,7,2025-01-07,400917,MKT,,5,,1,,"LAN_Marketing LAN_Daily",1000
1164,7,2025-01-07,400917,MKT,,6,,1,,"LAN_Marketing LAN_Daily",1000
1193,7,2025-01-07,400918,MKT,,,,,,"LAN_Marketing LAN_Report",2000
1194,7,2025-01-07,400918,MKT,,4,,2,,"LAN_Marketing LAN_Daily",500
1217,7,2025-01-07,400919,MKT,,,,,,"LAN_Marketing LAN_Report",2000
1218,7,2025-01-07,400919,MKT,,5,,3,,"LAN_Marketing LAN_Daily",300
1290,8,2025-01-08,400917,MKT,,,,,,"LAN_Marketing LAN_Report",2000
1291,8,2025-01-08,400917,MKT,,3,,3,,"LAN_Marketing LAN_Daily",1100
1292,8,2025-01-08,400917,MKT,,1,,3,,"LAN_Marketing LAN_Daily",1100
1293,8,2025-01-08,400917,MKT,,7,,3,,"LAN_Marketing LAN_Daily",1100
1294,8,2025-01-08,400917,MKT,,2,,3,,"LAN_Marketing LAN_Daily",1100
1295,8,2025-01-08,400917,MKT,,5,,3,,"LAN_Marketing LAN_Daily",1100
1296,8,2025-01-08,400917,MKT,,6,,3,,"LAN_Marketing LAN_Daily",1100
1297,8,2025-01-08,400917,MKT,,3,,2,,"LAN_Marketing LAN_Daily",1500
1298,8,2025-01-08,400917,MKT,,7,,2,,"LAN_Marketing LAN_Daily",1500
1299,8,2025-01-08,400917,MKT,,2,,2,,"LAN_Marketing LAN_Daily",1500
1300,8,2025-01-08,400917,MKT,,5,,2,,"LAN_Marketing LAN_Daily",1500
1301,8,2025-01-08,400917,MKT,,6,,2,,"LAN_Marketing LAN_Daily",1500
1302,8,2025-01-08,400917,MKT,,3,,1,,"LAN_Marketing LAN_Daily",1000
1303,8,2025-01-08,400917,MKT,,1,,1,,"LAN_Marketing LAN_Daily",1000
1304,8,2025-01-08,400917,MKT,,7,,1,,"LAN_Marketing LAN_Daily",1000
1305,8,2025-01-08,400917,MKT,,2,,1,,"LAN_Marketing LAN_Daily",1000
1306,8,2025-01-08,400917,MKT,,5,,1,,"LAN_Marketing LAN_Daily",1000
1307,8,2025-01-08,400917,MKT,,6,,1,,"LAN_Marketing LAN_Daily",1000
1338,8,2025-01-08,400918,MKT,,,,,,"LAN_Marketing LAN_Report",2000
1339,8,2025-01-08,400918,MKT,,4,,2,,"LAN_Marketing LAN_Daily",500
1340,8,2025-01-08,400918,MKT,,6,,3,,"LAN_Marketing LAN_Daily",1000
1372,8,2025-01-08,400919,MKT,,,,,,"LAN_Marketing LAN_Report",2000
1373,8,2025-01-08,400919,MKT,,5,,3,,"LAN_Marketing LAN_Daily",300
1374,8,2025-01-08,400919,MKT,,1,,1,,"LAN_Marketing LAN_Daily",1000
1423,9,2025-01-09,400917,MKT,,,,,,"LAN_Marketing LAN_Report",2000
1424,9,2025-01-09,400917,MKT,,3,,3,,"LAN_Marketing LAN_Daily",1100
1425,9,2025-01-09,400917,MKT,,1,,3,,"LAN_Marketing LAN_Daily",1100
1426,9,2025-01-09,400917,MKT,,7,,3,,"LAN_Marketing LAN_Daily",1100
1427,9,2025-01-09,400917,MKT,,2,,3,,"LAN_Marketing LAN_Daily",1100
1428,9,2025-01-09,400917,MKT,,5,,3,,"LAN_Marketing LAN_Daily",1100
1429,9,2025-01-09,400917,MKT,,6,,3,,"LAN_Marketing LAN_Daily",1100
1430,9,2025-01-09,400917,MKT,,3,,2,,"LAN_Marketing LAN_Daily",1500
1431,9,2025-01-09,400917,MKT,,7,,2,,"LAN_Marketing LAN_Daily",1500
1432,9,2025-01-09,400917,MKT,,2,,2,,"LAN_Marketing LAN_Daily",1500
1433,9,2025-01-09,400917,MKT,,5,,2,,"LAN_Marketing LAN_Daily",1500
1434,9,2025-01-09,400917,MKT,,6,,2,,"LAN_Marketing LAN_Daily",1500
1435,9,2025-01-09,400917,MKT,,3,,1,,"LAN_Marketing LAN_Daily",2000
1436,9,2025-01-09,400917,MKT,,1,,1,,"LAN_Marketing LAN_Daily",3000
1437,9,2025-01-09,400917,MKT,,7,,1,,"LAN_Marketing LAN_Daily",2000
1438,9,2025-01-09,400917,MKT,,2,,1,,"LAN_Marketing LAN_Daily",2000
1439,9,2025-01-09,400917,MKT,,5,,1,,"LAN_Marketing LAN_Daily",2000
1440,9,2025-01-09,400917,MKT,,6,,1,,"LAN_Marketing LAN_Daily",2000
1441,9,2025-01-09,400917,MKT,,4,,1,,"LAN_Marketing LAN_Daily",2000
1472,9,2025-01-09,400918,MKT,,,,,,"LAN_Marketing LAN_Report",2000
1473,9,2025-01-09,400918,MKT,,4,,2,,"LAN_Marketing LAN_Daily",500
1474,9,2025-01-09,400918,MKT,,6,,3,,"LAN_Marketing LAN_Daily",1000
1515,9,2025-01-09,400919,MKT,,,,,,"LAN_Marketing LAN_Report",2000
1516,9,2025-01-09,400919,MKT,,5,,3,,"LAN_Marketing LAN_Daily",300
1517,9,2025-01-09,400919,MKT,,1,,1,,"LAN_Marketing LAN_Daily",1000
1518,9,2025-01-09,400919,MKT,,6,,2,,"LAN_Marketing LAN_Daily",2000
1519,9,2025-01-09,400919,MKT,,2,,2,,"LAN_Marketing LAN_Daily",2000
1520,9,2025-01-09,400919,MKT,,7,,2,,"LAN_Marketing LAN_Daily",2000
1521,9,2025-01-09,400919,MKT,,5,,2,,"LAN_Marketing LAN_Daily",2000
1522,9,2025-01-09,400919,MKT,,4,,2,,"LAN_Marketing LAN_Daily",2000
1523,9,2025-01-09,400919,MKT,,3,,2,,"LAN_Marketing LAN_Daily",2000
1524,9,2025-01-09,400919,MKT,,1,,2,,"LAN_Marketing LAN_Daily",2000
1574,10,2025-01-10,400917,MKT,,,,,,"LAN_Marketing LAN_Report",2000
1575,10,2025-01-10,400917,MKT,,3,,3,,"LAN_Marketing LAN_Daily",1100
1576,10,2025-01-10,400917,MKT,,1,,3,,"LAN_Marketing LAN_Daily",1100
1577,10,2025-01-10,400917,MKT,,7,,3,,"LAN_Marketing LAN_Daily",1100
1578,10,2025-01-10,400917,MKT,,2,,3,,"LAN_Marketing LAN_Daily",1100
1579,10,2025-01-10,400917,MKT,,5,,3,,"LAN_Marketing LAN_Daily",1100
1580,10,2025-01-10,400917,MKT,,6,,3,,"LAN_Marketing LAN_Daily",1100
1581,10,2025-01-10,400917,MKT,,3,,1,,"LAN_Marketing LAN_Daily",2000
1582,10,2025-01-10,400917,MKT,,1,,1,,"LAN_Marketing LAN_Daily",3000
1583,10,2025-01-10,400917,MKT,,7,,1,,"LAN_Marketing LAN_Daily",2000
1584,10,2025-01-10,400917,MKT,,2,,1,,"LAN_Marketing LAN_Daily",2000
1585,10,2025-01-10,400917,MKT,,5,,1,,"LAN_Marketing LAN_Daily",2000
1586,10,2025-01-10,400917,MKT,,6,,1,,"LAN_Marketing LAN_Daily",2000
1587,10,2025-01-10,400917,MKT,,4,,1,,"LAN_Marketing LAN_Daily",2000
1588,10,2025-01-10,400917,MKT,,3,,2,,"LAN_Marketing LAN_Daily",2000
1589,10,2025-01-10,400917,MKT,,1,,2,,"LAN_Marketing LAN_Daily",3000
1590,10,2025-01-10,400917,MKT,,7,,2,,"LAN_Marketing LAN_Daily",2000
1591,10,2025-01-10,400917,MKT,,2,,2,,"LAN_Marketing LAN_Daily",2000
1592,10,2025-01-10,400917,MKT,,5,,2,,"LAN_Marketing LAN_Daily",2000
1593,10,2025-01-10,400917,MKT,,6,,2,,"LAN_Marketing LAN_Daily",2000
1594,10,2025-01-10,400917,MKT,,4,,2,,"LAN_Marketing LAN_Daily",2000
1628,10,2025-01-10,400918,MKT,,,,,,"LAN_Marketing LAN_Report",2000
1629,10,2025-01-10,400918,MKT,,4,,2,,"LAN_Marketing LAN_Daily",500
1630,10,2025-01-10,400918,MKT,,6,,3,,"LAN_Marketing LAN_Daily",1000
1631,10,2025-01-10,400918,MKT,,7,,1,,"LAN_Marketing LAN_Daily",4500
1672,10,2025-01-10,400919,MKT,,,,,,"LAN_Marketing LAN_Report",2000
1673,10,2025-01-10,400919,MKT,,1,,1,,"LAN_Marketing LAN_Daily",1000
1674,10,2025-01-10,400919,MKT,,6,,2,,"LAN_Marketing LAN_Daily",2000
1675,10,2025-01-10,400919,MKT,,2,,2,,"LAN_Marketing LAN_Daily",2000
1676,10,2025-01-10,400919,MKT,,7,,2,,"LAN_Marketing LAN_Daily",2000
1677,10,2025-01-10,400919,MKT,,5,,2,,"LAN_Marketing LAN_Daily",2000
1678,10,2025-01-10,400919,MKT,,4,,2,,"LAN_Marketing LAN_Daily",2000
1679,10,2025-01-10,400919,MKT,,3,,2,,"LAN_Marketing LAN_Daily",2000
1680,10,2025-01-10,400919,MKT,,1,,2,,"LAN_Marketing LAN_Daily",2000
1681,10,2025-01-10,400919,MKT,,6,,3,,"LAN_Marketing LAN_Daily",2000
1682,10,2025-01-10,400919,MKT,,2,,3,,"LAN_Marketing LAN_Daily",2000
1683,10,2025-01-10,400919,MKT,,7,,3,,"LAN_Marketing LAN_Daily",2000
1684,10,2025-01-10,400919,MKT,,5,,3,,"LAN_Marketing LAN_Daily",2000
1685,10,2025-01-10,400919,MKT,,4,,3,,"LAN_Marketing LAN_Daily",2000
1686,10,2025-01-10,400919,MKT,,3,,3,,"LAN_Marketing LAN_Daily",2000
1687,10,2025-01-10,400919,MKT,,1,,3,,"LAN_Marketing LAN_Daily",2000
1739,11,2025-01-11,400917,MKT,,,,,,"LAN_Marketing LAN_Report",2000
1740,11,2025-01-11,400917,MKT,,3,,1,,"LAN_Marketing LAN_Daily",2000
1741,11,2025-01-11,400917,MKT,,1,,1,,"LAN_Marketing LAN_Daily",3000
1742,11,2025-01-11,400917,MKT,,7,,1,,"LAN_Marketing LAN_Daily",2000
1743,11,2025-01-11,400917,MKT,,2,,1,,"LAN_Marketing LAN_Daily",2000
1744,11,2025-01-11,400917,MKT,,5,,1,,"LAN_Marketing LAN_Daily",2000
1745,11,2025-01-11,400917,MKT,,6,,1,,"LAN_Marketing LAN_Daily",2000
1746,11,2025-01-11,400917,MKT,,4,,1,,"LAN_Marketing LAN_Daily",2000
1747,11,2025-01-11,400917,MKT,,3,,2,,"LAN_Marketing LAN_Daily",2000
1748,11,2025-01-11,400917,MKT,,1,,2,,"LAN_Marketing LAN_Daily",3000
1749,11,2025-01-11,400917,MKT,,7,,2,,"LAN_Marketing LAN_Daily",2000
1750,11,2025-01-11,400917,MKT,,2,,2,,"LAN_Marketing LAN_Daily",2000
1751,11,2025-01-11,400917,MKT,,5,,2,,"LAN_Marketing LAN_Daily",2000
1752,11,2025-01-11,400917,MKT,,6,,2,,"LAN_Marketing LAN_Daily",2000
1753,11,2025-01-11,400917,MKT,,4,,2,,"LAN_Marketing LAN_Daily",2000
1754,11,2025-01-11,400917,MKT,,3,,3,,"LAN_Marketing LAN_Daily",2100
1755,11,2025-01-11,400917,MKT,,1,,3,,"LAN_Marketing LAN_Daily",2100
1756,11,2025-01-11,400917,MKT,,7,,3,,"LAN_Marketing LAN_Daily",2100
1757,11,2025-01-11,400917,MKT,,2,,3,,"LAN_Marketing LAN_Daily",2100
1758,11,2025-01-11,400917,MKT,,5,,3,,"LAN_Marketing LAN_Daily",2100
1759,11,2025-01-11,400917,MKT,,6,,3,,"LAN_Marketing LAN_Daily",2100
1760,11,2025-01-11,400917,MKT,,4,,3,,"LAN_Marketing LAN_Daily",2100
1792,11,2025-01-11,400918,MKT,,,,,,"LAN_Marketing LAN_Report",2000
1793,11,2025-01-11,400918,MKT,,4,,2,,"LAN_Marketing LAN_Daily",500
1794,11,2025-01-11,400918,MKT,,6,,3,,"LAN_Marketing LAN_Daily",1000
1795,11,2025-01-11,400918,MKT,,7,,1,,"LAN_Marketing LAN_Daily",4500
1834,11,2025-01-11,400919,MKT,,,,,,"LAN_Marketing LAN_Report",2000
1835,11,2025-01-11,400919,MKT,,1,,1,,"LAN_Marketing LAN_Daily",1000
1836,11,2025-01-11,400919,MKT,,6,,2,,"LAN_Marketing LAN_Daily",2000
1837,11,2025-01-11,400919,MKT,,2,,2,,"LAN_Marketing LAN_Daily",2000
1838,11,2025-01-11,400919,MKT,,7,,2,,"LAN_Marketing LAN_Daily",2000
1839,11,2025-01-11,400919,MKT,,5,,2,,"LAN_Marketing LAN_Daily",2000
1840,11,2025-01-11,400919,MKT,,4,,2,,"LAN_Marketing LAN_Daily",2000
1841,11,2025-01-11,400919,MKT,,3,,2,,"LAN_Marketing LAN_Daily",2000
1842,11,2025-01-11,400919,MKT,,1,,2,,"LAN_Marketing LAN_Daily",2000
1843,11,2025-01-11,400919,MKT,,6,,3,,"LAN_Marketing LAN_Daily",2000
1844,11,2025-01-11,400919,MKT,,2,,3,,"LAN_Marketing LAN_Daily",2000
1845,11,2025-01-11,400919,MKT,,7,,3,,"LAN_Marketing LAN_Daily",2000
1846,11,2025-01-11,400919,MKT,,5,,3,,"LAN_Marketing LAN_Daily",2000
1847,11,2025-01-11,400919,MKT,,4,,3,,"LAN_Marketing LAN_Daily",2000
1848,11,2025-01-11,400919,MKT,,3,,3,,"LAN_Marketing LAN_Daily",2000
1849,11,2025-01-11,400919,MKT,,1,,3,,"LAN_Marketing LAN_Daily",2000
1895,12,2025-01-12,400917,MKT,,,,,,"LAN_Marketing LAN_Report",2000
1896,12,2025-01-12,400917,MKT,,3,,2,,"LAN_Marketing LAN_Daily",2000
1897,12,2025-01-12,400917,MKT,,1,,2,,"LAN_Marketing LAN_Daily",3000
1898,12,2025-01-12,400917,MKT,,7,,2,,"LAN_Marketing LAN_Daily",2000
1899,12,2025-01-12,400917,MKT,,2,,2,,"LAN_Marketing LAN_Daily",2000
1900,12,2025-01-12,400917,MKT,,5,,2,,"LAN_Marketing LAN_Daily",2000
1901,12,2025-01-12,400917,MKT,,6,,2,,"LAN_Marketing LAN_Daily",2000
1902,12,2025-01-12,400917,MKT,,4,,2,,"LAN_Marketing LAN_Daily",2000
1903,12,2025-01-12,400917,MKT,,3,,3,,"LAN_Marketing LAN_Daily",2100
1904,12,2025-01-12,400917,MKT,,1,,3,,"LAN_Marketing LAN_Daily",2100
1905,12,2025-01-12,400917,MKT,,7,,3,,"LAN_Marketing LAN_Daily",2100
1906,12,2025-01-12,400917,MKT,,2,,3,,"LAN_Marketing LAN_Daily",2100
1907,12,2025-01-12,400917,MKT,,5,,3,,"LAN_Marketing LAN_Daily",2100
1908,12,2025-01-12,400917,MKT,,6,,3,,"LAN_Marketing LAN_Daily",2100
1909,12,2025-01-12,400917,MKT,,4,,3,,"LAN_Marketing LAN_Daily",2100
1910,12,2025-01-12,400917,MKT,,3,,1,,"LAN_Marketing LAN_Daily",2100
1911,12,2025-01-12,400917,MKT,,1,,1,,"LAN_Marketing LAN_Daily",2100
1912,12,2025-01-12,400917,MKT,,7,,1,,"LAN_Marketing LAN_Daily",2100
1913,12,2025-01-12,400917,MKT,,2,,1,,"LAN_Marketing LAN_Daily",2100
1914,12,2025-01-12,400917,MKT,,5,,1,,"LAN_Marketing LAN_Daily",2100
1915,12,2025-01-12,400917,MKT,,6,,1,,"LAN_Marketing LAN_Daily",2100
1916,12,2025-01-12,400917,MKT,,4,,1,,"LAN_Marketing LAN_Daily",2100
1947,12,2025-01-12,400918,MKT,,,,,,"LAN_Marketing LAN_Report",2000
1948,12,2025-01-12,400918,MKT,,4,,2,,"LAN_Marketing LAN_Daily",500
1949,12,2025-01-12,400918,MKT,,6,,3,,"LAN_Marketing LAN_Daily",1000
1950,12,2025-01-12,400918,MKT,,7,,1,,"LAN_Marketing LAN_Daily",4500
1988,12,2025-01-12,400919,MKT,,,,,,"LAN_Marketing LAN_Report",2000
1989,12,2025-01-12,400919,MKT,,1,,1,,"LAN_Marketing LAN_Daily",1000
1990,12,2025-01-12,400919,MKT,,6,,2,,"LAN_Marketing LAN_Daily",2000
1991,12,2025-01-12,400919,MKT,,2,,2,,"LAN_Marketing LAN_Daily",2000
1992,12,2025-01-12,400919,MKT,,7,,2,,"LAN_Marketing LAN_Daily",2000
1993,12,2025-01-12,400919,MKT,,5,,2,,"LAN_Marketing LAN_Daily",2000
1994,12,2025-01-12,400919,MKT,,4,,2,,"LAN_Marketing LAN_Daily",2000
1995,12,2025-01-12,400919,MKT,,3,,2,,"LAN_Marketing LAN_Daily",2000
1996,12,2025-01-12,400919,MKT,,1,,2,,"LAN_Marketing LAN_Daily",2000
1997,12,2025-01-12,400919,MKT,,6,,3,,"LAN_Marketing LAN_Daily",2000
1998,12,2025-01-12,400919,MKT,,2,,3,,"LAN_Marketing LAN_Daily",2000
1999,12,2025-01-12,400919,MKT,,7,,3,,"LAN_Marketing LAN_Daily",2000
2000,12,2025-01-12,400919,MKT,,5,,3,,"LAN_Marketing LAN_Daily",2000
2001,12,2025-01-12,400919,MKT,,4,,3,,"LAN_Marketing LAN_Daily",2000
2002,12,2025-01-12,400919,MKT,,3,,3,,"LAN_Marketing LAN_Daily",2000
2003,12,2025-01-12,400919,MKT,,1,,3,,"LAN_Marketing LAN_Daily",2000
2050,13,2025-01-13,400917,MKT,,,,,,"LAN_Marketing LAN_Report",2000
2051,13,2025-01-13,400917,MKT,,3,,3,,"LAN_Marketing LAN_Daily",2100
2052,13,2025-01-13,400917,MKT,,1,,3,,"LAN_Marketing LAN_Daily",2100
2053,13,2025-01-13,400917,MKT,,7,,3,,"LAN_Marketing LAN_Daily",2100
2054,13,2025-01-13,400917,MKT,,2,,3,,"LAN_Marketing LAN_Daily",2100
2055,13,2025-01-13,400917,MKT,,5,,3,,"LAN_Marketing LAN_Daily",2100
2056,13,2025-01-13,400917,MKT,,6,,3,,"LAN_Marketing LAN_Daily",2100
2057,13,2025-01-13,400917,MKT,,4,,3,,"LAN_Marketing LAN_Daily",2100
2058,13,2025-01-13,400917,MKT,,3,,1,,"LAN_Marketing LAN_Daily",2100
2059,13,2025-01-13,400917,MKT,,1,,1,,"LAN_Marketing LAN_Daily",2100
2060,13,2025-01-13,400917,MKT,,7,,1,,"LAN_Marketing LAN_Daily",2100
2061,13,2025-01-13,400917,MKT,,2,,1,,"LAN_Marketing LAN_Daily",2100
2062,13,2025-01-13,400917,MKT,,5,,1,,"LAN_Marketing LAN_Daily",2100
2063,13,2025-01-13,400917,MKT,,6,,1,,"LAN_Marketing LAN_Daily",2100
2064,13,2025-01-13,400917,MKT,,4,,1,,"LAN_Marketing LAN_Daily",2100
2065,13,2025-01-13,400917,MKT,,3,,2,,"LAN_Marketing LAN_Daily",2200
2066,13,2025-01-13,400917,MKT,,1,,2,,"LAN_Marketing LAN_Daily",2200
2067,13,2025-01-13,400917,MKT,,7,,2,,"LAN_Marketing LAN_Daily",2200
2068,13,2025-01-13,400917,MKT,,2,,2,,"LAN_Marketing LAN_Daily",2200
2069,13,2025-01-13,400917,MKT,,5,,2,,"LAN_Marketing LAN_Daily",2200
2070,13,2025-01-13,400917,MKT,,6,,2,,"LAN_Marketing LAN_Daily",2200
2071,13,2025-01-13,400917,MKT,,4,,2,,"LAN_Marketing LAN_Daily",2500
2104,13,2025-01-13,400918,MKT,,,,,,"LAN_Marketing LAN_Report",2000
2105,13,2025-01-13,400918,MKT,,4,,2,,"LAN_Marketing LAN_Daily",500
2106,13,2025-01-13,400918,MKT,,6,,3,,"LAN_Marketing LAN_Daily",1000
2107,13,2025-01-13,400918,MKT,,1,,1,,"LAN_Marketing LAN_Daily",3500
2108,13,2025-01-13,400918,MKT,,7,,1,,"LAN_Marketing LAN_Daily",4000
2109,13,2025-01-13,400918,MKT,,2,,1,,"LAN_Marketing LAN_Daily",5000
2147,13,2025-01-13,400919,MKT,,,,,,"LAN_Marketing LAN_Report",2000
2148,13,2025-01-13,400919,MKT,,1,,1,,"LAN_Marketing LAN_Daily",1000
2149,13,2025-01-13,400919,MKT,,6,,3,,"LAN_Marketing LAN_Daily",2000
2150,13,2025-01-13,400919,MKT,,2,,3,,"LAN_Marketing LAN_Daily",2000
2151,13,2025-01-13,400919,MKT,,7,,3,,"LAN_Marketing LAN_Daily",2000
2152,13,2025-01-13,400919,MKT,,5,,3,,"LAN_Marketing LAN_Daily",2000
2153,13,2025-01-13,400919,MKT,,4,,3,,"LAN_Marketing LAN_Daily",2000
2154,13,2025-01-13,400919,MKT,,3,,3,,"LAN_Marketing LAN_Daily",2000
2155,13,2025-01-13,400919,MKT,,1,,3,,"LAN_Marketing LAN_Daily",2000
2156,13,2025-01-13,400919,MKT,,6,,2,,"LAN_Marketing LAN_Daily",2000
2157,13,2025-01-13,400919,MKT,,2,,2,,"LAN_Marketing LAN_Daily",2000
2158,13,2025-01-13,400919,MKT,,7,,2,,"LAN_Marketing LAN_Daily",2000
2159,13,2025-01-13,400919,MKT,,5,,2,,"LAN_Marketing LAN_Daily",2000
2160,13,2025-01-13,400919,MKT,,4,,2,,"LAN_Marketing LAN_Daily",2000
2161,13,2025-01-13,400919,MKT,,3,,2,,"LAN_Marketing LAN_Daily",2000
2162,13,2025-01-13,400919,MKT,,1,,2,,"LAN_Marketing LAN_Daily",2000
2213,14,2025-01-14,400917,MKT,,,,,,"LAN_Marketing LAN_Report",2000
2214,14,2025-01-14,400917,MKT,,3,,3,,"LAN_Marketing LAN_Daily",2100
2215,14,2025-01-14,400917,MKT,,1,,3,,"LAN_Marketing LAN_Daily",2100
2216,14,2025-01-14,400917,MKT,,7,,3,,"LAN_Marketing LAN_Daily",2100
2217,14,2025-01-14,400917,MKT,,2,,3,,"LAN_Marketing LAN_Daily",2100
2218,14,2025-01-14,400917,MKT,,5,,3,,"LAN_Marketing LAN_Daily",2100
2219,14,2025-01-14,400917,MKT,,6,,3,,"LAN_Marketing LAN_Daily",2100
2220,14,2025-01-14,400917,MKT,,4,,3,,"LAN_Marketing LAN_Daily",2100
2221,14,2025-01-14,400917,MKT,,3,,2,,"LAN_Marketing LAN_Daily",2200
2222,14,2025-01-14,400917,MKT,,1,,2,,"LAN_Marketing LAN_Daily",2200
2223,14,2025-01-14,400917,MKT,,7,,2,,"LAN_Marketing LAN_Daily",2200
2224,14,2025-01-14,400917,MKT,,2,,2,,"LAN_Marketing LAN_Daily",2200
2225,14,2025-01-14,400917,MKT,,5,,2,,"LAN_Marketing LAN_Daily",2200
2226,14,2025-01-14,400917,MKT,,6,,2,,"LAN_Marketing LAN_Daily",2200
2227,14,2025-01-14,400917,MKT,,4,,2,,"LAN_Marketing LAN_Daily",2500
2228,14,2025-01-14,400917,MKT,,3,,1,,"LAN_Marketing LAN_Daily",2100
2229,14,2025-01-14,400917,MKT,,1,,1,,"LAN_Marketing LAN_Daily",2100
2230,14,2025-01-14,400917,MKT,,7,,1,,"LAN_Marketing LAN_Daily",2100
2231,14,2025-01-14,400917,MKT,,2,,1,,"LAN_Marketing LAN_Daily",2100
2232,14,2025-01-14,400917,MKT,,5,,1,,"LAN_Marketing LAN_Daily",2100
2233,14,2025-01-14,400917,MKT,,6,,1,,"LAN_Marketing LAN_Daily",2100
2234,14,2025-01-14,400917,MKT,,4,,1,,"LAN_Marketing LAN_Daily",2100
2267,14,2025-01-14,400918,MKT,,,,,,"LAN_Marketing LAN_Report",2000
2268,14,2025-01-14,400918,MKT,,6,,3,,"LAN_Marketing LAN_Daily",1000
2269,14,2025-01-14,400918,MKT,,1,,1,,"LAN_Marketing LAN_Daily",3500
2270,14,2025-01-14,400918,MKT,,7,,1,,"LAN_Marketing LAN_Daily",4000
2271,14,2025-01-14,400918,MKT,,2,,1,,"LAN_Marketing LAN_Daily",5000
2272,14,2025-01-14,400918,MKT,,4,,2,,"LAN_Marketing LAN_Daily",4000
2273,14,2025-01-14,400918,MKT,,1,,2,,"LAN_Marketing LAN_Daily",2000
2311,14,2025-01-14,400919,MKT,,,,,,"LAN_Marketing LAN_Report",2000
2312,14,2025-01-14,400919,MKT,,1,,1,,"LAN_Marketing LAN_Daily",1000
2313,14,2025-01-14,400919,MKT,,6,,3,,"LAN_Marketing LAN_Daily",2000
2314,14,2025-01-14,400919,MKT,,2,,3,,"LAN_Marketing LAN_Daily",2000
2315,14,2025-01-14,400919,MKT,,7,,3,,"LAN_Marketing LAN_Daily",2000
2316,14,2025-01-14,400919,MKT,,5,,3,,"LAN_Marketing LAN_Daily",2000
2317,14,2025-01-14,400919,MKT,,4,,3,,"LAN_Marketing LAN_Daily",2000
2318,14,2025-01-14,400919,MKT,,3,,3,,"LAN_Marketing LAN_Daily",2000
2319,14,2025-01-14,400919,MKT,,1,,3,,"LAN_Marketing LAN_Daily",2000
2320,14,2025-01-14,400919,MKT,,6,,2,,"LAN_Marketing LAN_Daily",2000
2321,14,2025-01-14,400919,MKT,,2,,2,,"LAN_Marketing LAN_Daily",2000
2322,14,2025-01-14,400919,MKT,,7,,2,,"LAN_Marketing LAN_Daily",2000
2323,14,2025-01-14,400919,MKT,,5,,2,,"LAN_Marketing LAN_Daily",2000
2324,14,2025-01-14,400919,MKT,,4,,2,,"LAN_Marketing LAN_Daily",2000
2325,14,2025-01-14,400919,MKT,,3,,2,,"LAN_Marketing LAN_Daily",2000
2326,14,2025-01-14,400919,MKT,,1,,2,,"LAN_Marketing LAN_Daily",2000
2367,15,2025-01-15,400917,MKT,,,,,,"LAN_Marketing LAN_Report",2000
2368,15,2025-01-15,400917,MKT,,3,,3,,"LAN_Marketing LAN_Daily",2100
2369,15,2025-01-15,400917,MKT,,1,,3,,"LAN_Marketing LAN_Daily",2100
2370,15,2025-01-15,400917,MKT,,7,,3,,"LAN_Marketing LAN_Daily",2100
2371,15,2025-01-15,400917,MKT,,2,,3,,"LAN_Marketing LAN_Daily",2100
2372,15,2025-01-15,400917,MKT,,5,,3,,"LAN_Marketing LAN_Daily",2100
2373,15,2025-01-15,400917,MKT,,6,,3,,"LAN_Marketing LAN_Daily",2100
2374,15,2025-01-15,400917,MKT,,4,,3,,"LAN_Marketing LAN_Daily",2100
2375,15,2025-01-15,400917,MKT,,3,,1,,"LAN_Marketing LAN_Daily",2100
2376,15,2025-01-15,400917,MKT,,1,,1,,"LAN_Marketing LAN_Daily",2100
2377,15,2025-01-15,400917,MKT,,7,,1,,"LAN_Marketing LAN_Daily",2100
2378,15,2025-01-15,400917,MKT,,2,,1,,"LAN_Marketing LAN_Daily",2100
2379,15,2025-01-15,400917,MKT,,5,,1,,"LAN_Marketing LAN_Daily",2100
2380,15,2025-01-15,400917,MKT,,6,,1,,"LAN_Marketing LAN_Daily",2100
2381,15,2025-01-15,400917,MKT,,4,,1,,"LAN_Marketing LAN_Daily",2100
2382,15,2025-01-15,400917,MKT,,3,,2,,"LAN_Marketing LAN_Daily",2500
2383,15,2025-01-15,400917,MKT,,1,,2,,"LAN_Marketing LAN_Daily",3000
2384,15,2025-01-15,400917,MKT,,7,,2,,"LAN_Marketing LAN_Daily",2500
2385,15,2025-01-15,400917,MKT,,2,,2,,"LAN_Marketing LAN_Daily",2500
2386,15,2025-01-15,400917,MKT,,5,,2,,"LAN_Marketing LAN_Daily",2500
2387,15,2025-01-15,400917,MKT,,6,,2,,"LAN_Marketing LAN_Daily",2500
2388,15,2025-01-15,400917,MKT,,4,,2,,"LAN_Marketing LAN_Daily",2500
2422,15,2025-01-15,400918,MKT,,,,,,"LAN_Marketing LAN_Report",2000
2423,15,2025-01-15,400918,MKT,,6,,3,,"LAN_Marketing LAN_Daily",1000
2424,15,2025-01-15,400918,MKT,,4,,2,,"LAN_Marketing LAN_Daily",4000
2425,15,2025-01-15,400918,MKT,,1,,2,,"LAN_Marketing LAN_Daily",2000
2426,15,2025-01-15,400918,MKT,,1,,1,,"LAN_Marketing LAN_Daily",40000
2427,15,2025-01-15,400918,MKT,,7,,1,,"LAN_Marketing LAN_Daily",4000
2428,15,2025-01-15,400918,MKT,,2,,1,,"LAN_Marketing LAN_Daily",5000
2468,15,2025-01-15,400919,MKT,,,,,,"LAN_Marketing LAN_Report",2000
2469,15,2025-01-15,400919,MKT,,1,,1,,"LAN_Marketing LAN_Daily",1000
2470,15,2025-01-15,400919,MKT,,6,,3,,"LAN_Marketing LAN_Daily",2000
2471,15,2025-01-15,400919,MKT,,2,,3,,"LAN_Marketing LAN_Daily",2000
2472,15,2025-01-15,400919,MKT,,7,,3,,"LAN_Marketing LAN_Daily",2000
2473,15,2025-01-15,400919,MKT,,5,,3,,"LAN_Marketing LAN_Daily",2000
2474,15,2025-01-15,400919,MKT,,4,,3,,"LAN_Marketing LAN_Daily",2000
2475,15,2025-01-15,400919,MKT,,3,,3,,"LAN_Marketing LAN_Daily",2000
2476,15,2025-01-15,400919,MKT,,1,,3,,"LAN_Marketing LAN_Daily",2000
2477,15,2025-01-15,400919,MKT,,6,,2,,"LAN_Marketing LAN_Daily",2000
2478,15,2025-01-15,400919,MKT,,2,,2,,"LAN_Marketing LAN_Daily",2000
2479,15,2025-01-15,400919,MKT,,7,,2,,"LAN_Marketing LAN_Daily",2000
2480,15,2025-01-15,400919,MKT,,5,,2,,"LAN_Marketing LAN_Daily",2000
2481,15,2025-01-15,400919,MKT,,4,,2,,"LAN_Marketing LAN_Daily",2000
2482,15,2025-01-15,400919,MKT,,3,,2,,"LAN_Marketing LAN_Daily",2000
2483,15,2025-01-15,400919,MKT,,1,,2,,"LAN_Marketing LAN_Daily",2000
2563,16,2025-01-16,400917,MKT,,,,,,"LAN_Marketing LAN_Report",2000
2564,16,2025-01-16,400917,MKT,,3,,1,,"LAN_Marketing LAN_Daily",2100
2565,16,2025-01-16,400917,MKT,,1,,1,,"LAN_Marketing LAN_Daily",2100
2566,16,2025-01-16,400917,MKT,,7,,1,,"LAN_Marketing LAN_Daily",2100
2567,16,2025-01-16,400917,MKT,,2,,1,,"LAN_Marketing LAN_Daily",2100
2568,16,2025-01-16,400917,MKT,,5,,1,,"LAN_Marketing LAN_Daily",2100
2569,16,2025-01-16,400917,MKT,,6,,1,,"LAN_Marketing LAN_Daily",2100
2570,16,2025-01-16,400917,MKT,,4,,1,,"LAN_Marketing LAN_Daily",2100
2571,16,2025-01-16,400917,MKT,,3,,2,,"LAN_Marketing LAN_Daily",2500
2572,16,2025-01-16,400917,MKT,,1,,2,,"LAN_Marketing LAN_Daily",3000
2573,16,2025-01-16,400917,MKT,,7,,2,,"LAN_Marketing LAN_Daily",2500
2574,16,2025-01-16,400917,MKT,,2,,2,,"LAN_Marketing LAN_Daily",2500
2575,16,2025-01-16,400917,MKT,,5,,2,,"LAN_Marketing LAN_Daily",2500
2576,16,2025-01-16,400917,MKT,,6,,2,,"LAN_Marketing LAN_Daily",2500
2577,16,2025-01-16,400917,MKT,,4,,2,,"LAN_Marketing LAN_Daily",2500
2578,16,2025-01-16,400917,MKT,,3,,3,,"LAN_Marketing LAN_Daily",2200
2579,16,2025-01-16,400917,MKT,,1,,3,,"LAN_Marketing LAN_Daily",2200
2580,16,2025-01-16,400917,MKT,,7,,3,,"LAN_Marketing LAN_Daily",2200
2581,16,2025-01-16,400917,MKT,,2,,3,,"LAN_Marketing LAN_Daily",2200
2582,16,2025-01-16,400917,MKT,,5,,3,,"LAN_Marketing LAN_Daily",2200
2583,16,2025-01-16,400917,MKT,,6,,3,,"LAN_Marketing LAN_Daily",2200
2584,16,2025-01-16,400917,MKT,,4,,3,,"LAN_Marketing LAN_Daily",2200
2617,16,2025-01-16,400918,MKT,,,,,,"LAN_Marketing LAN_Report",2000
2618,16,2025-01-16,400918,MKT,,4,,2,,"LAN_Marketing LAN_Daily",4000
2619,16,2025-01-16,400918,MKT,,1,,2,,"LAN_Marketing LAN_Daily",2000
2620,16,2025-01-16,400918,MKT,,1,,1,,"LAN_Marketing LAN_Daily",40000
2621,16,2025-01-16,400918,MKT,,7,,1,,"LAN_Marketing LAN_Daily",4000
2622,16,2025-01-16,400918,MKT,,2,,1,,"LAN_Marketing LAN_Daily",5000
2623,16,2025-01-16,400918,MKT,,6,,3,,"LAN_Marketing LAN_Daily",6000
2661,16,2025-01-16,400919,MKT,,,,,,"LAN_Marketing LAN_Report",2000
2662,16,2025-01-16,400919,MKT,,1,,1,,"LAN_Marketing LAN_Daily",1000
2663,16,2025-01-16,400919,MKT,,6,,3,,"LAN_Marketing LAN_Daily",2000
2664,16,2025-01-16,400919,MKT,,2,,3,,"LAN_Marketing LAN_Daily",2000
2665,16,2025-01-16,400919,MKT,,7,,3,,"LAN_Marketing LAN_Daily",2000
2666,16,2025-01-16,400919,MKT,,5,,3,,"LAN_Marketing LAN_Daily",2000
2667,16,2025-01-16,400919,MKT,,4,,3,,"LAN_Marketing LAN_Daily",2000
2668,16,2025-01-16,400919,MKT,,3,,3,,"LAN_Marketing LAN_Daily",2000
2669,16,2025-01-16,400919,MKT,,1,,3,,"LAN_Marketing LAN_Daily",2000
2670,16,2025-01-16,400919,MKT,,6,,2,,"LAN_Marketing LAN_Daily",5000
2671,16,2025-01-16,400919,MKT,,2,,2,,"LAN_Marketing LAN_Daily",5000
2672,16,2025-01-16,400919,MKT,,7,,2,,"LAN_Marketing LAN_Daily",5000
2673,16,2025-01-16,400919,MKT,,5,,2,,"LAN_Marketing LAN_Daily",5000
2674,16,2025-01-16,400919,MKT,,4,,2,,"LAN_Marketing LAN_Daily",5000
2675,16,2025-01-16,400919,MKT,,3,,2,,"LAN_Marketing LAN_Daily",5000
2676,16,2025-01-16,400919,MKT,,1,,2,,"LAN_Marketing LAN_Daily",5000
2725,17,2025-01-17,400917,MKT,,,,,,"LAN_Marketing LAN_Report",2000
2726,17,2025-01-17,400917,MKT,,3,,2,,"LAN_Marketing LAN_Daily",2500
2727,17,2025-01-17,400917,MKT,,1,,2,,"LAN_Marketing LAN_Daily",3000
2728,17,2025-01-17,400917,MKT,,7,,2,,"LAN_Marketing LAN_Daily",2500
2729,17,2025-01-17,400917,MKT,,2,,2,,"LAN_Marketing LAN_Daily",2500
2730,17,2025-01-17,400917,MKT,,5,,2,,"LAN_Marketing LAN_Daily",2500
2731,17,2025-01-17,400917,MKT,,6,,2,,"LAN_Marketing LAN_Daily",2500
2732,17,2025-01-17,400917,MKT,,4,,2,,"LAN_Marketing LAN_Daily",2500
2733,17,2025-01-17,400917,MKT,,3,,3,,"LAN_Marketing LAN_Daily",2200
2734,17,2025-01-17,400917,MKT,,1,,3,,"LAN_Marketing LAN_Daily",2200
2735,17,2025-01-17,400917,MKT,,7,,3,,"LAN_Marketing LAN_Daily",2200
2736,17,2025-01-17,400917,MKT,,2,,3,,"LAN_Marketing LAN_Daily",2200
2737,17,2025-01-17,400917,MKT,,5,,3,,"LAN_Marketing LAN_Daily",2200
2738,17,2025-01-17,400917,MKT,,6,,3,,"LAN_Marketing LAN_Daily",2200
2739,17,2025-01-17,400917,MKT,,4,,3,,"LAN_Marketing LAN_Daily",2200
2740,17,2025-01-17,400917,MKT,,3,,1,,"LAN_Marketing LAN_Daily",3000
2741,17,2025-01-17,400917,MKT,,1,,1,,"LAN_Marketing LAN_Daily",3000
2742,17,2025-01-17,400917,MKT,,7,,1,,"LAN_Marketing LAN_Daily",3000
2743,17,2025-01-17,400917,MKT,,2,,1,,"LAN_Marketing LAN_Daily",3000
2744,17,2025-01-17,400917,MKT,,5,,1,,"LAN_Marketing LAN_Daily",3000
2745,17,2025-01-17,400917,MKT,,6,,1,,"LAN_Marketing LAN_Daily",3000
2746,17,2025-01-17,400917,MKT,,4,,1,,"LAN_Marketing LAN_Daily",3000
2779,17,2025-01-17,400918,MKT,,,,,,"LAN_Marketing LAN_Report",2000
2780,17,2025-01-17,400918,MKT,,4,,2,,"LAN_Marketing LAN_Daily",4000
2781,17,2025-01-17,400918,MKT,,1,,2,,"LAN_Marketing LAN_Daily",2000
2782,17,2025-01-17,400918,MKT,,6,,3,,"LAN_Marketing LAN_Daily",6000
2783,17,2025-01-17,400918,MKT,,1,,1,,"LAN_Marketing LAN_Daily",4000
2784,17,2025-01-17,400918,MKT,,7,,1,,"LAN_Marketing LAN_Daily",4000
2785,17,2025-01-17,400918,MKT,,2,,1,,"LAN_Marketing LAN_Daily",5000
2820,17,2025-01-17,400919,MKT,,,,,,"LAN_Marketing LAN_Report",2000
2821,17,2025-01-17,400919,MKT,,6,,3,,"LAN_Marketing LAN_Daily",2000
2822,17,2025-01-17,400919,MKT,,2,,3,,"LAN_Marketing LAN_Daily",2000
2823,17,2025-01-17,400919,MKT,,7,,3,,"LAN_Marketing LAN_Daily",2000
2824,17,2025-01-17,400919,MKT,,5,,3,,"LAN_Marketing LAN_Daily",2000
2825,17,2025-01-17,400919,MKT,,4,,3,,"LAN_Marketing LAN_Daily",2000
2826,17,2025-01-17,400919,MKT,,3,,3,,"LAN_Marketing LAN_Daily",2000
2827,17,2025-01-17,400919,MKT,,1,,3,,"LAN_Marketing LAN_Daily",2000
2828,17,2025-01-17,400919,MKT,,6,,2,,"LAN_Marketing LAN_Daily",5000
2829,17,2025-01-17,400919,MKT,,2,,2,,"LAN_Marketing LAN_Daily",5000
2830,17,2025-01-17,400919,MKT,,7,,2,,"LAN_Marketing LAN_Daily",5000
2831,17,2025-01-17,400919,MKT,,5,,2,,"LAN_Marketing LAN_Daily",5000
2832,17,2025-01-17,400919,MKT,,4,,2,,"LAN_Marketing LAN_Daily",5000
2833,17,2025-01-17,400919,MKT,,3,,2,,"LAN_Marketing LAN_Daily",5000
2834,17,2025-01-17,400919,MKT,,1,,2,,"LAN_Marketing LAN_Daily",5000
2835,17,2025-01-17,400919,MKT,,6,,1,,"LAN_Marketing LAN_Daily",10000
2836,17,2025-01-17,400919,MKT,,2,,1,,"LAN_Marketing LAN_Daily",10000
2837,17,2025-01-17,400919,MKT,,7,,1,,"LAN_Marketing LAN_Daily",10000
2838,17,2025-01-17,400919,MKT,,5,,1,,"LAN_Marketing LAN_Daily",10000
2839,17,2025-01-17,400919,MKT,,4,,1,,"LAN_Marketing LAN_Daily",10000
2840,17,2025-01-17,400919,MKT,,3,,1,,"LAN_Marketing LAN_Daily",10000
2841,17,2025-01-17,400919,MKT,,1,,1,,"LAN_Marketing LAN_Daily",10000
2887,18,2025-01-18,400917,MKT,,,,,,"LAN_Marketing LAN_Report",2000
2888,18,2025-01-18,400917,MKT,,3,,3,,"LAN_Marketing LAN_Daily",2200
2889,18,2025-01-18,400917,MKT,,1,,3,,"LAN_Marketing LAN_Daily",2200
2890,18,2025-01-18,400917,MKT,,7,,3,,"LAN_Marketing LAN_Daily",2200
2891,18,2025-01-18,400917,MKT,,2,,3,,"LAN_Marketing LAN_Daily",2200
2892,18,2025-01-18,400917,MKT,,5,,3,,"LAN_Marketing LAN_Daily",2200
2893,18,2025-01-18,400917,MKT,,6,,3,,"LAN_Marketing LAN_Daily",2200
2894,18,2025-01-18,400917,MKT,,4,,3,,"LAN_Marketing LAN_Daily",2200
2895,18,2025-01-18,400917,MKT,,3,,1,,"LAN_Marketing LAN_Daily",3000
2896,18,2025-01-18,400917,MKT,,1,,1,,"LAN_Marketing LAN_Daily",3000
2897,18,2025-01-18,400917,MKT,,7,,1,,"LAN_Marketing LAN_Daily",3000
2898,18,2025-01-18,400917,MKT,,2,,1,,"LAN_Marketing LAN_Daily",3000
2899,18,2025-01-18,400917,MKT,,5,,1,,"LAN_Marketing LAN_Daily",3000
2900,18,2025-01-18,400917,MKT,,6,,1,,"LAN_Marketing LAN_Daily",3000
2901,18,2025-01-18,400917,MKT,,4,,1,,"LAN_Marketing LAN_Daily",3000
2902,18,2025-01-18,400917,MKT,,3,,2,,"LAN_Marketing LAN_Daily",4000
2903,18,2025-01-18,400917,MKT,,1,,2,,"LAN_Marketing LAN_Daily",4000
2904,18,2025-01-18,400917,MKT,,7,,2,,"LAN_Marketing LAN_Daily",4000
2905,18,2025-01-18,400917,MKT,,2,,2,,"LAN_Marketing LAN_Daily",4000
2906,18,2025-01-18,400917,MKT,,5,,2,,"LAN_Marketing LAN_Daily",4000
2907,18,2025-01-18,400917,MKT,,6,,2,,"LAN_Marketing LAN_Daily",4200
2908,18,2025-01-18,400917,MKT,,4,,2,,"LAN_Marketing LAN_Daily",3200
2940,18,2025-01-18,400918,MKT,,,,,,"LAN_Marketing LAN_Report",2000
2941,18,2025-01-18,400918,MKT,,6,,3,,"LAN_Marketing LAN_Daily",6000
2942,18,2025-01-18,400918,MKT,,1,,1,,"LAN_Marketing LAN_Daily",4000
2943,18,2025-01-18,400918,MKT,,7,,1,,"LAN_Marketing LAN_Daily",4000
2944,18,2025-01-18,400918,MKT,,2,,1,,"LAN_Marketing LAN_Daily",5000
2945,18,2025-01-18,400918,MKT,,6,,2,,"LAN_Marketing LAN_Daily",3000
2946,18,2025-01-18,400918,MKT,,4,,2,,"LAN_Marketing LAN_Daily",4000
2947,18,2025-01-18,400918,MKT,,1,,2,,"LAN_Marketing LAN_Daily",2000
2948,18,2025-01-18,400918,MKT,,7,,2,,"LAN_Marketing LAN_Daily",3000
2949,18,2025-01-18,400918,MKT,,2,,2,,"LAN_Marketing LAN_Daily",1000
2980,18,2025-01-18,400919,MKT,,,,,,"LAN_Marketing LAN_Report",2000
2981,18,2025-01-18,400919,MKT,,6,,3,,"LAN_Marketing LAN_Daily",2000
2982,18,2025-01-18,400919,MKT,,2,,3,,"LAN_Marketing LAN_Daily",2000
2983,18,2025-01-18,400919,MKT,,7,,3,,"LAN_Marketing LAN_Daily",2000
2984,18,2025-01-18,400919,MKT,,5,,3,,"LAN_Marketing LAN_Daily",2000
2985,18,2025-01-18,400919,MKT,,4,,3,,"LAN_Marketing LAN_Daily",2000
2986,18,2025-01-18,400919,MKT,,3,,3,,"LAN_Marketing LAN_Daily",2000
2987,18,2025-01-18,400919,MKT,,1,,3,,"LAN_Marketing LAN_Daily",2000
2988,18,2025-01-18,400919,MKT,,6,,2,,"LAN_Marketing LAN_Daily",5000
2989,18,2025-01-18,400919,MKT,,2,,2,,"LAN_Marketing LAN_Daily",5000
2990,18,2025-01-18,400919,MKT,,7,,2,,"LAN_Marketing LAN_Daily",5000
2991,18,2025-01-18,400919,MKT,,5,,2,,"LAN_Marketing LAN_Daily",5000
2992,18,2025-01-18,400919,MKT,,4,,2,,"LAN_Marketing LAN_Daily",5000
2993,18,2025-01-18,400919,MKT,,3,,2,,"LAN_Marketing LAN_Daily",5000
2994,18,2025-01-18,400919,MKT,,1,,2,,"LAN_Marketing LAN_Daily",5000
2995,18,2025-01-18,400919,MKT,,6,,1,,"LAN_Marketing LAN_Daily",10000
2996,18,2025-01-18,400919,MKT,,2,,1,,"LAN_Marketing LAN_Daily",10000
2997,18,2025-01-18,400919,MKT,,7,,1,,"LAN_Marketing LAN_Daily",10000
2998,18,2025-01-18,400919,MKT,,5,,1,,"LAN_Marketing LAN_Daily",10000
2999,18,2025-01-18,400919,MKT,,4,,1,,"LAN_Marketing LAN_Daily",10000
3000,18,2025-01-18,400919,MKT,,3,,1,,"LAN_Marketing LAN_Daily",10000
3001,18,2025-01-18,400919,MKT,,1,,1,,"LAN_Marketing LAN_Daily",10000
3051,19,2025-01-19,400917,MKT,,,,,,"LAN_Marketing LAN_Report",2000
3052,19,2025-01-19,400917,MKT,,3,,1,,"LAN_Marketing LAN_Daily",3000
3053,19,2025-01-19,400917,MKT,,1,,1,,"LAN_Marketing LAN_Daily",3000
3054,19,2025-01-19,400917,MKT,,7,,1,,"LAN_Marketing LAN_Daily",3000
3055,19,2025-01-19,400917,MKT,,2,,1,,"LAN_Marketing LAN_Daily",3000
3056,19,2025-01-19,400917,MKT,,5,,1,,"LAN_Marketing LAN_Daily",3000
3057,19,2025-01-19,400917,MKT,,6,,1,,"LAN_Marketing LAN_Daily",3000
3058,19,2025-01-19,400917,MKT,,4,,1,,"LAN_Marketing LAN_Daily",3000
3059,19,2025-01-19,400917,MKT,,3,,2,,"LAN_Marketing LAN_Daily",4000
3060,19,2025-01-19,400917,MKT,,1,,2,,"LAN_Marketing LAN_Daily",4000
3061,19,2025-01-19,400917,MKT,,7,,2,,"LAN_Marketing LAN_Daily",4000
3062,19,2025-01-19,400917,MKT,,2,,2,,"LAN_Marketing LAN_Daily",4000
3063,19,2025-01-19,400917,MKT,,5,,2,,"LAN_Marketing LAN_Daily",4000
3064,19,2025-01-19,400917,MKT,,6,,2,,"LAN_Marketing LAN_Daily",4200
3065,19,2025-01-19,400917,MKT,,4,,2,,"LAN_Marketing LAN_Daily",3200
3066,19,2025-01-19,400917,MKT,,3,,3,,"LAN_Marketing LAN_Daily",5000
3067,19,2025-01-19,400917,MKT,,1,,3,,"LAN_Marketing LAN_Daily",5000
3068,19,2025-01-19,400917,MKT,,7,,3,,"LAN_Marketing LAN_Daily",5000
3069,19,2025-01-19,400917,MKT,,2,,3,,"LAN_Marketing LAN_Daily",5000
3070,19,2025-01-19,400917,MKT,,5,,3,,"LAN_Marketing LAN_Daily",5000
3071,19,2025-01-19,400917,MKT,,6,,3,,"LAN_Marketing LAN_Daily",2200
3072,19,2025-01-19,400917,MKT,,4,,3,,"LAN_Marketing LAN_Daily",2200
3107,19,2025-01-19,400918,MKT,,,,,,"LAN_Marketing LAN_Report",2000
3108,19,2025-01-19,400918,MKT,,6,,3,,"LAN_Marketing LAN_Daily",6000
3109,19,2025-01-19,400918,MKT,,1,,1,,"LAN_Marketing LAN_Daily",4000
3110,19,2025-01-19,400918,MKT,,7,,1,,"LAN_Marketing LAN_Daily",4000
3111,19,2025-01-19,400918,MKT,,2,,1,,"LAN_Marketing LAN_Daily",5000
3112,19,2025-01-19,400918,MKT,,6,,2,,"LAN_Marketing LAN_Daily",3000
3113,19,2025-01-19,400918,MKT,,4,,2,,"LAN_Marketing LAN_Daily",4000
3114,19,2025-01-19,400918,MKT,,1,,2,,"LAN_Marketing LAN_Daily",2000
3115,19,2025-01-19,400918,MKT,,7,,2,,"LAN_Marketing LAN_Daily",3000
3116,19,2025-01-19,400918,MKT,,2,,2,,"LAN_Marketing LAN_Daily",1000
3150,19,2025-01-19,400919,MKT,,,,,,"LAN_Marketing LAN_Report",2000
3151,19,2025-01-19,400919,MKT,,6,,3,,"LAN_Marketing LAN_Daily",2000
3152,19,2025-01-19,400919,MKT,,2,,3,,"LAN_Marketing LAN_Daily",2000
3153,19,2025-01-19,400919,MKT,,7,,3,,"LAN_Marketing LAN_Daily",2000
3154,19,2025-01-19,400919,MKT,,5,,3,,"LAN_Marketing LAN_Daily",2000
3155,19,2025-01-19,400919,MKT,,4,,3,,"LAN_Marketing LAN_Daily",2000
3156,19,2025-01-19,400919,MKT,,3,,3,,"LAN_Marketing LAN_Daily",2000
3157,19,2025-01-19,400919,MKT,,1,,3,,"LAN_Marketing LAN_Daily",2000
3158,19,2025-01-19,400919,MKT,,6,,2,,"LAN_Marketing LAN_Daily",5000
3159,19,2025-01-19,400919,MKT,,2,,2,,"LAN_Marketing LAN_Daily",5000
3160,19,2025-01-19,400919,MKT,,7,,2,,"LAN_Marketing LAN_Daily",5000
3161,19,2025-01-19,400919,MKT,,5,,2,,"LAN_Marketing LAN_Daily",5000
3162,19,2025-01-19,400919,MKT,,4,,2,,"LAN_Marketing LAN_Daily",5000
3163,19,2025-01-19,400919,MKT,,3,,2,,"LAN_Marketing LAN_Daily",5000
3164,19,2025-01-19,400919,MKT,,1,,2,,"LAN_Marketing LAN_Daily",5000
3165,19,2025-01-19,400919,MKT,,6,,1,,"LAN_Marketing LAN_Daily",10000
3166,19,2025-01-19,400919,MKT,,2,,1,,"LAN_Marketing LAN_Daily",10000
3167,19,2025-01-19,400919,MKT,,7,,1,,"LAN_Marketing LAN_Daily",10000
3168,19,2025-01-19,400919,MKT,,5,,1,,"LAN_Marketing LAN_Daily",10000
3169,19,2025-01-19,400919,MKT,,4,,1,,"LAN_Marketing LAN_Daily",10000
3170,19,2025-01-19,400919,MKT,,3,,1,,"LAN_Marketing LAN_Daily",10000
3171,19,2025-01-19,400919,MKT,,1,,1,,"LAN_Marketing LAN_Daily",10000
3224,20,2025-01-20,400917,MKT,,,,,,"LAN_Marketing LAN_Report",2000
3225,20,2025-01-20,400917,MKT,,3,,2,,"LAN_Marketing LAN_Daily",4000
3226,20,2025-01-20,400917,MKT,,1,,2,,"LAN_Marketing LAN_Daily",4000
3227,20,2025-01-20,400917,MKT,,7,,2,,"LAN_Marketing LAN_Daily",4000
3228,20,2025-01-20,400917,MKT,,2,,2,,"LAN_Marketing LAN_Daily",4000
3229,20,2025-01-20,400917,MKT,,5,,2,,"LAN_Marketing LAN_Daily",4000
3230,20,2025-01-20,400917,MKT,,6,,2,,"LAN_Marketing LAN_Daily",4200
3231,20,2025-01-20,400917,MKT,,4,,2,,"LAN_Marketing LAN_Daily",3200
3232,20,2025-01-20,400917,MKT,,3,,3,,"LAN_Marketing LAN_Daily",5000
3233,20,2025-01-20,400917,MKT,,1,,3,,"LAN_Marketing LAN_Daily",5000
3234,20,2025-01-20,400917,MKT,,7,,3,,"LAN_Marketing LAN_Daily",5000
3235,20,2025-01-20,400917,MKT,,2,,3,,"LAN_Marketing LAN_Daily",5000
3236,20,2025-01-20,400917,MKT,,5,,3,,"LAN_Marketing LAN_Daily",5000
3237,20,2025-01-20,400917,MKT,,6,,3,,"LAN_Marketing LAN_Daily",2200
3238,20,2025-01-20,400917,MKT,,4,,3,,"LAN_Marketing LAN_Daily",2200
3239,20,2025-01-20,400917,MKT,,3,,1,,"LAN_Marketing LAN_Daily",5000
3240,20,2025-01-20,400917,MKT,,1,,1,,"LAN_Marketing LAN_Daily",5000
3241,20,2025-01-20,400917,MKT,,7,,1,,"LAN_Marketing LAN_Daily",5000
3242,20,2025-01-20,400917,MKT,,2,,1,,"LAN_Marketing LAN_Daily",5000
3243,20,2025-01-20,400917,MKT,,5,,1,,"LAN_Marketing LAN_Daily",5000
3244,20,2025-01-20,400917,MKT,,6,,1,,"LAN_Marketing LAN_Daily",5000
3245,20,2025-01-20,400917,MKT,,4,,1,,"LAN_Marketing LAN_Daily",5000
3282,20,2025-01-20,400918,MKT,,,,,,"LAN_Marketing LAN_Report",2000
3283,20,2025-01-20,400918,MKT,,6,,3,,"LAN_Marketing LAN_Daily",6000
3284,20,2025-01-20,400918,MKT,,6,,2,,"LAN_Marketing LAN_Daily",3000
3285,20,2025-01-20,400918,MKT,,4,,2,,"LAN_Marketing LAN_Daily",4000
3286,20,2025-01-20,400918,MKT,,1,,2,,"LAN_Marketing LAN_Daily",2000
3287,20,2025-01-20,400918,MKT,,7,,2,,"LAN_Marketing LAN_Daily",3000
3288,20,2025-01-20,400918,MKT,,2,,2,,"LAN_Marketing LAN_Daily",1000
3289,20,2025-01-20,400918,MKT,,1,,1,,"LAN_Marketing LAN_Daily",20000
3290,20,2025-01-20,400918,MKT,,7,,1,,"LAN_Marketing LAN_Daily",20000
3291,20,2025-01-20,400918,MKT,,2,,1,,"LAN_Marketing LAN_Daily",30000
3328,20,2025-01-20,400919,MKT,,,,,,"LAN_Marketing LAN_Report",2000
3329,20,2025-01-20,400919,MKT,,6,,3,,"LAN_Marketing LAN_Daily",2000
3330,20,2025-01-20,400919,MKT,,2,,3,,"LAN_Marketing LAN_Daily",2000
3331,20,2025-01-20,400919,MKT,,7,,3,,"LAN_Marketing LAN_Daily",2000
3332,20,2025-01-20,400919,MKT,,5,,3,,"LAN_Marketing LAN_Daily",2000
3333,20,2025-01-20,400919,MKT,,4,,3,,"LAN_Marketing LAN_Daily",2000
3334,20,2025-01-20,400919,MKT,,3,,3,,"LAN_Marketing LAN_Daily",2000
3335,20,2025-01-20,400919,MKT,,1,,3,,"LAN_Marketing LAN_Daily",2000
3336,20,2025-01-20,400919,MKT,,6,,2,,"LAN_Marketing LAN_Daily",5000
3337,20,2025-01-20,400919,MKT,,2,,2,,"LAN_Marketing LAN_Daily",5000
3338,20,2025-01-20,400919,MKT,,7,,2,,"LAN_Marketing LAN_Daily",5000
3339,20,2025-01-20,400919,MKT,,5,,2,,"LAN_Marketing LAN_Daily",5000
3340,20,2025-01-20,400919,MKT,,4,,2,,"LAN_Marketing LAN_Daily",5000
3341,20,2025-01-20,400919,MKT,,3,,2,,"LAN_Marketing LAN_Daily",5000
3342,20,2025-01-20,400919,MKT,,1,,2,,"LAN_Marketing LAN_Daily",5000
3343,20,2025-01-20,400919,MKT,,6,,1,,"LAN_Marketing LAN_Daily",10000
3344,20,2025-01-20,400919,MKT,,2,,1,,"LAN_Marketing LAN_Daily",10000
3345,20,2025-01-20,400919,MKT,,7,,1,,"LAN_Marketing LAN_Daily",10000
3346,20,2025-01-20,400919,MKT,,5,,1,,"LAN_Marketing LAN_Daily",10000
3347,20,2025-01-20,400919,MKT,,4,,1,,"LAN_Marketing LAN_Daily",10000
3348,20,2025-01-20,400919,MKT,,3,,1,,"LAN_Marketing LAN_Daily",10000
3349,20,2025-01-20,400919,MKT,,1,,1,,"LAN_Marketing LAN_Daily",10000
3398,21,2025-01-21,400917,MKT,,,,,,"LAN_Marketing LAN_Report",2000
3399,21,2025-01-21,400917,MKT,,3,,3,,"LAN_Marketing LAN_Daily",5000
3400,21,2025-01-21,400917,MKT,,1,,3,,"LAN_Marketing LAN_Daily",5000
3401,21,2025-01-21,400917,MKT,,7,,3,,"LAN_Marketing LAN_Daily",5000
3402,21,2025-01-21,400917,MKT,,2,,3,,"LAN_Marketing LAN_Daily",5000
3403,21,2025-01-21,400917,MKT,,5,,3,,"LAN_Marketing LAN_Daily",5000
3404,21,2025-01-21,400917,MKT,,6,,3,,"LAN_Marketing LAN_Daily",2200
3405,21,2025-01-21,400917,MKT,,4,,3,,"LAN_Marketing LAN_Daily",2200
3406,21,2025-01-21,400917,MKT,,3,,1,,"LAN_Marketing LAN_Daily",5000
3407,21,2025-01-21,400917,MKT,,1,,1,,"LAN_Marketing LAN_Daily",5000
3408,21,2025-01-21,400917,MKT,,7,,1,,"LAN_Marketing LAN_Daily",5000
3409,21,2025-01-21,400917,MKT,,2,,1,,"LAN_Marketing LAN_Daily",5000
3410,21,2025-01-21,400917,MKT,,5,,1,,"LAN_Marketing LAN_Daily",5000
3411,21,2025-01-21,400917,MKT,,6,,1,,"LAN_Marketing LAN_Daily",5000
3412,21,2025-01-21,400917,MKT,,4,,1,,"LAN_Marketing LAN_Daily",5000
3413,21,2025-01-21,400917,MKT,,3,,2,,"LAN_Marketing LAN_Daily",5000
3414,21,2025-01-21,400917,MKT,,1,,2,,"LAN_Marketing LAN_Daily",5000
3415,21,2025-01-21,400917,MKT,,7,,2,,"LAN_Marketing LAN_Daily",5000
3416,21,2025-01-21,400917,MKT,,2,,2,,"LAN_Marketing LAN_Daily",5000
3417,21,2025-01-21,400917,MKT,,5,,2,,"LAN_Marketing LAN_Daily",4000
3418,21,2025-01-21,400917,MKT,,6,,2,,"LAN_Marketing LAN_Daily",4200
3419,21,2025-01-21,400917,MKT,,4,,2,,"LAN_Marketing LAN_Daily",3200
3455,21,2025-01-21,400918,MKT,,,,,,"LAN_Marketing LAN_Report",2000
3456,21,2025-01-21,400918,MKT,,6,,3,,"LAN_Marketing LAN_Daily",6000
3457,21,2025-01-21,400918,MKT,,1,,1,,"LAN_Marketing LAN_Daily",20000
3458,21,2025-01-21,400918,MKT,,7,,1,,"LAN_Marketing LAN_Daily",20000
3459,21,2025-01-21,400918,MKT,,2,,1,,"LAN_Marketing LAN_Daily",30000
3460,21,2025-01-21,400918,MKT,,6,,2,,"LAN_Marketing LAN_Daily",20000
3461,21,2025-01-21,400918,MKT,,4,,2,,"LAN_Marketing LAN_Daily",30000
3496,21,2025-01-21,400919,MKT,,,,,,"LAN_Marketing LAN_Report",2000
3497,21,2025-01-21,400919,MKT,,6,,3,,"LAN_Marketing LAN_Daily",2000
3498,21,2025-01-21,400919,MKT,,2,,3,,"LAN_Marketing LAN_Daily",2000
3499,21,2025-01-21,400919,MKT,,7,,3,,"LAN_Marketing LAN_Daily",2000
3500,21,2025-01-21,400919,MKT,,5,,3,,"LAN_Marketing LAN_Daily",2000
3501,21,2025-01-21,400919,MKT,,4,,3,,"LAN_Marketing LAN_Daily",2000
3502,21,2025-01-21,400919,MKT,,3,,3,,"LAN_Marketing LAN_Daily",2000
3503,21,2025-01-21,400919,MKT,,1,,3,,"LAN_Marketing LAN_Daily",2000
3504,21,2025-01-21,400919,MKT,,6,,2,,"LAN_Marketing LAN_Daily",5000
3505,21,2025-01-21,400919,MKT,,2,,2,,"LAN_Marketing LAN_Daily",5000
3506,21,2025-01-21,400919,MKT,,7,,2,,"LAN_Marketing LAN_Daily",5000
3507,21,2025-01-21,400919,MKT,,5,,2,,"LAN_Marketing LAN_Daily",5000
3508,21,2025-01-21,400919,MKT,,4,,2,,"LAN_Marketing LAN_Daily",5000
3509,21,2025-01-21,400919,MKT,,3,,2,,"LAN_Marketing LAN_Daily",5000
3510,21,2025-01-21,400919,MKT,,1,,2,,"LAN_Marketing LAN_Daily",5000
3511,21,2025-01-21,400919,MKT,,6,,1,,"LAN_Marketing LAN_Daily",10000
3512,21,2025-01-21,400919,MKT,,2,,1,,"LAN_Marketing LAN_Daily",10000
3513,21,2025-01-21,400919,MKT,,7,,1,,"LAN_Marketing LAN_Daily",10000
3514,21,2025-01-21,400919,MKT,,5,,1,,"LAN_Marketing LAN_Daily",10000
3515,21,2025-01-21,400919,MKT,,4,,1,,"LAN_Marketing LAN_Daily",10000
3516,21,2025-01-21,400919,MKT,,3,,1,,"LAN_Marketing LAN_Daily",10000
3517,21,2025-01-21,400919,MKT,,1,,1,,"LAN_Marketing LAN_Daily",10000
3560,22,2025-01-22,400917,MKT,,,,,,"LAN_Marketing LAN_Report",2000
3561,22,2025-01-22,400917,MKT,,3,,3,,"LAN_Marketing LAN_Daily",5000
3562,22,2025-01-22,400917,MKT,,1,,3,,"LAN_Marketing LAN_Daily",5000
3563,22,2025-01-22,400917,MKT,,7,,3,,"LAN_Marketing LAN_Daily",5000
3564,22,2025-01-22,400917,MKT,,2,,3,,"LAN_Marketing LAN_Daily",5000
3565,22,2025-01-22,400917,MKT,,5,,3,,"LAN_Marketing LAN_Daily",5000
3566,22,2025-01-22,400917,MKT,,6,,3,,"LAN_Marketing LAN_Daily",2200
3567,22,2025-01-22,400917,MKT,,4,,3,,"LAN_Marketing LAN_Daily",2200
3568,22,2025-01-22,400917,MKT,,3,,2,,"LAN_Marketing LAN_Daily",5000
3569,22,2025-01-22,400917,MKT,,1,,2,,"LAN_Marketing LAN_Daily",5000
3570,22,2025-01-22,400917,MKT,,7,,2,,"LAN_Marketing LAN_Daily",5000
3571,22,2025-01-22,400917,MKT,,2,,2,,"LAN_Marketing LAN_Daily",5000
3572,22,2025-01-22,400917,MKT,,5,,2,,"LAN_Marketing LAN_Daily",4000
3573,22,2025-01-22,400917,MKT,,6,,2,,"LAN_Marketing LAN_Daily",4200
3574,22,2025-01-22,400917,MKT,,4,,2,,"LAN_Marketing LAN_Daily",3200
3575,22,2025-01-22,400917,MKT,,3,,1,,"LAN_Marketing LAN_Daily",5000
3576,22,2025-01-22,400917,MKT,,1,,1,,"LAN_Marketing LAN_Daily",5000
3577,22,2025-01-22,400917,MKT,,7,,1,,"LAN_Marketing LAN_Daily",5000
3578,22,2025-01-22,400917,MKT,,2,,1,,"LAN_Marketing LAN_Daily",5000
3579,22,2025-01-22,400917,MKT,,5,,1,,"LAN_Marketing LAN_Daily",5000
3580,22,2025-01-22,400917,MKT,,6,,1,,"LAN_Marketing LAN_Daily",5000
3581,22,2025-01-22,400917,MKT,,4,,1,,"LAN_Marketing LAN_Daily",5000
3616,22,2025-01-22,400918,MKT,,,,,,"LAN_Marketing LAN_Report",2000
3617,22,2025-01-22,400918,MKT,,1,,1,,"LAN_Marketing LAN_Daily",20000
3618,22,2025-01-22,400918,MKT,,7,,1,,"LAN_Marketing LAN_Daily",20000
3619,22,2025-01-22,400918,MKT,,2,,1,,"LAN_Marketing LAN_Daily",30000
3620,22,2025-01-22,400918,MKT,,6,,2,,"LAN_Marketing LAN_Daily",20000
3621,22,2025-01-22,400918,MKT,,4,,2,,"LAN_Marketing LAN_Daily",30000
3622,22,2025-01-22,400918,MKT,,6,,3,,"LAN_Marketing LAN_Daily",30000
3657,22,2025-01-22,400919,MKT,,,,,,"LAN_Marketing LAN_Report",2000
3658,22,2025-01-22,400919,MKT,,6,,3,,"LAN_Marketing LAN_Daily",2000
3659,22,2025-01-22,400919,MKT,,2,,3,,"LAN_Marketing LAN_Daily",2000
3660,22,2025-01-22,400919,MKT,,7,,3,,"LAN_Marketing LAN_Daily",2000
3661,22,2025-01-22,400919,MKT,,5,,3,,"LAN_Marketing LAN_Daily",2000
3662,22,2025-01-22,400919,MKT,,4,,3,,"LAN_Marketing LAN_Daily",2000
3663,22,2025-01-22,400919,MKT,,3,,3,,"LAN_Marketing LAN_Daily",2000
3664,22,2025-01-22,400919,MKT,,1,,3,,"LAN_Marketing LAN_Daily",2000
3665,22,2025-01-22,400919,MKT,,6,,2,,"LAN_Marketing LAN_Daily",5000
3666,22,2025-01-22,400919,MKT,,2,,2,,"LAN_Marketing LAN_Daily",5000
3667,22,2025-01-22,400919,MKT,,7,,2,,"LAN_Marketing LAN_Daily",5000
3668,22,2025-01-22,400919,MKT,,5,,2,,"LAN_Marketing LAN_Daily",5000
3669,22,2025-01-22,400919,MKT,,4,,2,,"LAN_Marketing LAN_Daily",5000
3670,22,2025-01-22,400919,MKT,,3,,2,,"LAN_Marketing LAN_Daily",5000
3671,22,2025-01-22,400919,MKT,,1,,2,,"LAN_Marketing LAN_Daily",5000
3672,22,2025-01-22,400919,MKT,,6,,1,,"LAN_Marketing LAN_Daily",10000
3673,22,2025-01-22,400919,MKT,,2,,1,,"LAN_Marketing LAN_Daily",10000
3674,22,2025-01-22,400919,MKT,,7,,1,,"LAN_Marketing LAN_Daily",10000
3675,22,2025-01-22,400919,MKT,,5,,1,,"LAN_Marketing LAN_Daily",10000
3676,22,2025-01-22,400919,MKT,,4,,1,,"LAN_Marketing LAN_Daily",10000
3677,22,2025-01-22,400919,MKT,,3,,1,,"LAN_Marketing LAN_Daily",10000
3678,22,2025-01-22,400919,MKT,,1,,1,,"LAN_Marketing LAN_Daily",10000
3745,23,2025-01-23,400917,MKT,,,,,,"LAN_Marketing LAN_Report",2000
3746,23,2025-01-23,400917,MKT,,3,,3,,"LAN_Marketing LAN_Daily",5000
3747,23,2025-01-23,400917,MKT,,1,,3,,"LAN_Marketing LAN_Daily",5000
3748,23,2025-01-23,400917,MKT,,7,,3,,"LAN_Marketing LAN_Daily",5000
3749,23,2025-01-23,400917,MKT,,2,,3,,"LAN_Marketing LAN_Daily",5000
3750,23,2025-01-23,400917,MKT,,5,,3,,"LAN_Marketing LAN_Daily",5000
3751,23,2025-01-23,400917,MKT,,6,,3,,"LAN_Marketing LAN_Daily",2200
3752,23,2025-01-23,400917,MKT,,4,,3,,"LAN_Marketing LAN_Daily",2200
3753,23,2025-01-23,400917,MKT,,3,,1,,"LAN_Marketing LAN_Daily",5000
3754,23,2025-01-23,400917,MKT,,1,,1,,"LAN_Marketing LAN_Daily",5000
3755,23,2025-01-23,400917,MKT,,7,,1,,"LAN_Marketing LAN_Daily",5000
3756,23,2025-01-23,400917,MKT,,2,,1,,"LAN_Marketing LAN_Daily",5000
3757,23,2025-01-23,400917,MKT,,5,,1,,"LAN_Marketing LAN_Daily",5000
3758,23,2025-01-23,400917,MKT,,6,,1,,"LAN_Marketing LAN_Daily",5000
3759,23,2025-01-23,400917,MKT,,4,,1,,"LAN_Marketing LAN_Daily",5000
3760,23,2025-01-23,400917,MKT,,3,,2,,"LAN_Marketing LAN_Daily",5000
3761,23,2025-01-23,400917,MKT,,1,,2,,"LAN_Marketing LAN_Daily",5000
3762,23,2025-01-23,400917,MKT,,7,,2,,"LAN_Marketing LAN_Daily",5000
3763,23,2025-01-23,400917,MKT,,2,,2,,"LAN_Marketing LAN_Daily",5000
3764,23,2025-01-23,400917,MKT,,5,,2,,"LAN_Marketing LAN_Daily",5000
3765,23,2025-01-23,400917,MKT,,6,,2,,"LAN_Marketing LAN_Daily",5000
3766,23,2025-01-23,400917,MKT,,4,,2,,"LAN_Marketing LAN_Daily",5000
3800,23,2025-01-23,400918,MKT,,,,,,"LAN_Marketing LAN_Report",2000
3801,23,2025-01-23,400918,MKT,,1,,1,,"LAN_Marketing LAN_Daily",20000
3802,23,2025-01-23,400918,MKT,,7,,1,,"LAN_Marketing LAN_Daily",20000
3803,23,2025-01-23,400918,MKT,,2,,1,,"LAN_Marketing LAN_Daily",30000
3804,23,2025-01-23,400918,MKT,,6,,2,,"LAN_Marketing LAN_Daily",20000
3805,23,2025-01-23,400918,MKT,,4,,2,,"LAN_Marketing LAN_Daily",30000
3806,23,2025-01-23,400918,MKT,,3,,3,,"LAN_Marketing LAN_Daily",15000
3807,23,2025-01-23,400918,MKT,,5,,3,,"LAN_Marketing LAN_Daily",15000
3845,23,2025-01-23,400919,MKT,,,,,,"LAN_Marketing LAN_Report",2000
3846,23,2025-01-23,400919,MKT,,6,,3,,"LAN_Marketing LAN_Daily",2000
3847,23,2025-01-23,400919,MKT,,2,,3,,"LAN_Marketing LAN_Daily",2000
3848,23,2025-01-23,400919,MKT,,7,,3,,"LAN_Marketing LAN_Daily",2000
3849,23,2025-01-23,400919,MKT,,5,,3,,"LAN_Marketing LAN_Daily",2000
3850,23,2025-01-23,400919,MKT,,4,,3,,"LAN_Marketing LAN_Daily",2000
3851,23,2025-01-23,400919,MKT,,3,,3,,"LAN_Marketing LAN_Daily",2000
3852,23,2025-01-23,400919,MKT,,1,,3,,"LAN_Marketing LAN_Daily",2000
3853,23,2025-01-23,400919,MKT,,6,,2,,"LAN_Marketing LAN_Daily",5000
3854,23,2025-01-23,400919,MKT,,2,,2,,"LAN_Marketing LAN_Daily",5000
3855,23,2025-01-23,400919,MKT,,7,,2,,"LAN_Marketing LAN_Daily",5000
3856,23,2025-01-23,400919,MKT,,5,,2,,"LAN_Marketing LAN_Daily",5000
3857,23,2025-01-23,400919,MKT,,4,,2,,"LAN_Marketing LAN_Daily",5000
3858,23,2025-01-23,400919,MKT,,3,,2,,"LAN_Marketing LAN_Daily",5000
3859,23,2025-01-23,400919,MKT,,1,,2,,"LAN_Marketing LAN_Daily",5000
3860,23,2025-01-23,400919,MKT,,6,,1,,"LAN_Marketing LAN_Daily",20000
3861,23,2025-01-23,400919,MKT,,2,,1,,"LAN_Marketing LAN_Daily",20000
3862,23,2025-01-23,400919,MKT,,7,,1,,"LAN_Marketing LAN_Daily",20000
3863,23,2025-01-23,400919,MKT,,5,,1,,"LAN_Marketing LAN_Daily",20000
3864,23,2025-01-23,400919,MKT,,4,,1,,"LAN_Marketing LAN_Daily",50000
3865,23,2025-01-23,400919,MKT,,3,,1,,"LAN_Marketing LAN_Daily",20000
3866,23,2025-01-23,400919,MKT,,1,,1,,"LAN_Marketing LAN_Daily",20000
3919,24,2025-01-24,400917,MKT,,,,,,"LAN_Marketing LAN_Report",2000
3920,24,2025-01-24,400917,MKT,,3,,3,,"LAN_Marketing LAN_Daily",5000
3921,24,2025-01-24,400917,MKT,,1,,3,,"LAN_Marketing LAN_Daily",5000
3922,24,2025-01-24,400917,MKT,,7,,3,,"LAN_Marketing LAN_Daily",5000
3923,24,2025-01-24,400917,MKT,,2,,3,,"LAN_Marketing LAN_Daily",5000
3924,24,2025-01-24,400917,MKT,,5,,3,,"LAN_Marketing LAN_Daily",5000
3925,24,2025-01-24,400917,MKT,,6,,3,,"LAN_Marketing LAN_Daily",2200
3926,24,2025-01-24,400917,MKT,,4,,3,,"LAN_Marketing LAN_Daily",2200
3927,24,2025-01-24,400917,MKT,,3,,2,,"LAN_Marketing LAN_Daily",5000
3928,24,2025-01-24,400917,MKT,,1,,2,,"LAN_Marketing LAN_Daily",5000
3929,24,2025-01-24,400917,MKT,,7,,2,,"LAN_Marketing LAN_Daily",5000
3930,24,2025-01-24,400917,MKT,,2,,2,,"LAN_Marketing LAN_Daily",5000
3931,24,2025-01-24,400917,MKT,,5,,2,,"LAN_Marketing LAN_Daily",5000
3932,24,2025-01-24,400917,MKT,,6,,2,,"LAN_Marketing LAN_Daily",5000
3933,24,2025-01-24,400917,MKT,,4,,2,,"LAN_Marketing LAN_Daily",5000
3934,24,2025-01-24,400917,MKT,,3,,1,,"LAN_Marketing LAN_Daily",7700
3935,24,2025-01-24,400917,MKT,,1,,1,,"LAN_Marketing LAN_Daily",7200
3936,24,2025-01-24,400917,MKT,,7,,1,,"LAN_Marketing LAN_Daily",7000
3937,24,2025-01-24,400917,MKT,,2,,1,,"LAN_Marketing LAN_Daily",7000
3938,24,2025-01-24,400917,MKT,,5,,1,,"LAN_Marketing LAN_Daily",7000
3939,24,2025-01-24,400917,MKT,,6,,1,,"LAN_Marketing LAN_Daily",7000
3940,24,2025-01-24,400917,MKT,,4,,1,,"LAN_Marketing LAN_Daily",8000
3977,24,2025-01-24,400918,MKT,,,,,,"LAN_Marketing LAN_Report",2000
3978,24,2025-01-24,400918,MKT,,1,,1,,"LAN_Marketing LAN_Daily",20000
3979,24,2025-01-24,400918,MKT,,7,,1,,"LAN_Marketing LAN_Daily",20000
3980,24,2025-01-24,400918,MKT,,2,,1,,"LAN_Marketing LAN_Daily",30000
3981,24,2025-01-24,400918,MKT,,6,,2,,"LAN_Marketing LAN_Daily",20000
3982,24,2025-01-24,400918,MKT,,4,,2,,"LAN_Marketing LAN_Daily",30000
3983,24,2025-01-24,400918,MKT,,3,,3,,"LAN_Marketing LAN_Daily",15000
3984,24,2025-01-24,400918,MKT,,5,,3,,"LAN_Marketing LAN_Daily",15000
4022,24,2025-01-24,400919,MKT,,,,,,"LAN_Marketing LAN_Report",2000
4023,24,2025-01-24,400919,MKT,,6,,3,,"LAN_Marketing LAN_Daily",2000
4024,24,2025-01-24,400919,MKT,,2,,3,,"LAN_Marketing LAN_Daily",2000
4025,24,2025-01-24,400919,MKT,,7,,3,,"LAN_Marketing LAN_Daily",2000
4026,24,2025-01-24,400919,MKT,,5,,3,,"LAN_Marketing LAN_Daily",2000
4027,24,2025-01-24,400919,MKT,,4,,3,,"LAN_Marketing LAN_Daily",2000
4028,24,2025-01-24,400919,MKT,,3,,3,,"LAN_Marketing LAN_Daily",2000
4029,24,2025-01-24,400919,MKT,,1,,3,,"LAN_Marketing LAN_Daily",2000
4030,24,2025-01-24,400919,MKT,,6,,2,,"LAN_Marketing LAN_Daily",5000
4031,24,2025-01-24,400919,MKT,,2,,2,,"LAN_Marketing LAN_Daily",5000
4032,24,2025-01-24,400919,MKT,,7,,2,,"LAN_Marketing LAN_Daily",5000
4033,24,2025-01-24,400919,MKT,,5,,2,,"LAN_Marketing LAN_Daily",5000
4034,24,2025-01-24,400919,MKT,,4,,2,,"LAN_Marketing LAN_Daily",5000
4035,24,2025-01-24,400919,MKT,,3,,2,,"LAN_Marketing LAN_Daily",5000
4036,24,2025-01-24,400919,MKT,,1,,2,,"LAN_Marketing LAN_Daily",5000
4037,24,2025-01-24,400919,MKT,,6,,1,,"LAN_Marketing LAN_Daily",20000
4038,24,2025-01-24,400919,MKT,,2,,1,,"LAN_Marketing LAN_Daily",20000
4039,24,2025-01-24,400919,MKT,,7,,1,,"LAN_Marketing LAN_Daily",20000
4040,24,2025-01-24,400919,MKT,,5,,1,,"LAN_Marketing LAN_Daily",20000
4041,24,2025-01-24,400919,MKT,,4,,1,,"LAN_Marketing LAN_Daily",100000
4042,24,2025-01-24,400919,MKT,,3,,1,,"LAN_Marketing LAN_Daily",20000
4043,24,2025-01-24,400919,MKT,,1,,1,,"LAN_Marketing LAN_Daily",20000
4095,25,2025-01-25,400917,MKT,,,,,,"LAN_Marketing LAN_Report",2000
4096,25,2025-01-25,400917,MKT,,3,,3,,"LAN_Marketing LAN_Daily",5000
4097,25,2025-01-25,400917,MKT,,1,,3,,"LAN_Marketing LAN_Daily",5000
4098,25,2025-01-25,400917,MKT,,7,,3,,"LAN_Marketing LAN_Daily",5000
4099,25,2025-01-25,400917,MKT,,2,,3,,"LAN_Marketing LAN_Daily",5000
4100,25,2025-01-25,400917,MKT,,5,,3,,"LAN_Marketing LAN_Daily",5000
4101,25,2025-01-25,400917,MKT,,6,,3,,"LAN_Marketing LAN_Daily",2200
4102,25,2025-01-25,400917,MKT,,4,,3,,"LAN_Marketing LAN_Daily",2200
4103,25,2025-01-25,400917,MKT,,3,,1,,"LAN_Marketing LAN_Daily",7700
4104,25,2025-01-25,400917,MKT,,1,,1,,"LAN_Marketing LAN_Daily",7200
4105,25,2025-01-25,400917,MKT,,7,,1,,"LAN_Marketing LAN_Daily",7000
4106,25,2025-01-25,400917,MKT,,2,,1,,"LAN_Marketing LAN_Daily",7000
4107,25,2025-01-25,400917,MKT,,5,,1,,"LAN_Marketing LAN_Daily",7000
4108,25,2025-01-25,400917,MKT,,6,,1,,"LAN_Marketing LAN_Daily",7000
4109,25,2025-01-25,400917,MKT,,4,,1,,"LAN_Marketing LAN_Daily",8000
4110,25,2025-01-25,400917,MKT,,3,,2,,"LAN_Marketing LAN_Daily",8000
4111,25,2025-01-25,400917,MKT,,1,,2,,"LAN_Marketing LAN_Daily",8000
4112,25,2025-01-25,400917,MKT,,7,,2,,"LAN_Marketing LAN_Daily",8000
4113,25,2025-01-25,400917,MKT,,2,,2,,"LAN_Marketing LAN_Daily",8000
4114,25,2025-01-25,400917,MKT,,5,,2,,"LAN_Marketing LAN_Daily",8000
4115,25,2025-01-25,400917,MKT,,6,,2,,"LAN_Marketing LAN_Daily",8000
4116,25,2025-01-25,400917,MKT,,4,,2,,"LAN_Marketing LAN_Daily",8000
4154,25,2025-01-25,400918,MKT,,,,,,"LAN_Marketing LAN_Report",2000
4155,25,2025-01-25,400918,MKT,,1,,1,,"LAN_Marketing LAN_Daily",20000
4156,25,2025-01-25,400918,MKT,,7,,1,,"LAN_Marketing LAN_Daily",20000
4157,25,2025-01-25,400918,MKT,,2,,1,,"LAN_Marketing LAN_Daily",30000
4158,25,2025-01-25,400918,MKT,,3,,3,,"LAN_Marketing LAN_Daily",15000
4159,25,2025-01-25,400918,MKT,,5,,3,,"LAN_Marketing LAN_Daily",15000
4160,25,2025-01-25,400918,MKT,,4,,2,,"LAN_Marketing LAN_Daily",5000
4161,25,2025-01-25,400918,MKT,,1,,2,,"LAN_Marketing LAN_Daily",5000
4162,25,2025-01-25,400918,MKT,,2,,2,,"LAN_Marketing LAN_Daily",10000
4163,25,2025-01-25,400918,MKT,,3,,2,,"LAN_Marketing LAN_Daily",10000
4164,25,2025-01-25,400918,MKT,,5,,2,,"LAN_Marketing LAN_Daily",5000
4203,25,2025-01-25,400919,MKT,,,,,,"LAN_Marketing LAN_Report",2000
4204,25,2025-01-25,400919,MKT,,6,,3,,"LAN_Marketing LAN_Daily",2000
4205,25,2025-01-25,400919,MKT,,2,,3,,"LAN_Marketing LAN_Daily",2000
4206,25,2025-01-25,400919,MKT,,7,,3,,"LAN_Marketing LAN_Daily",2000
4207,25,2025-01-25,400919,MKT,,5,,3,,"LAN_Marketing LAN_Daily",2000
4208,25,2025-01-25,400919,MKT,,4,,3,,"LAN_Marketing LAN_Daily",2000
4209,25,2025-01-25,400919,MKT,,3,,3,,"LAN_Marketing LAN_Daily",2000
4210,25,2025-01-25,400919,MKT,,1,,3,,"LAN_Marketing LAN_Daily",2000
4211,25,2025-01-25,400919,MKT,,6,,2,,"LAN_Marketing LAN_Daily",5000
4212,25,2025-01-25,400919,MKT,,2,,2,,"LAN_Marketing LAN_Daily",5000
4213,25,2025-01-25,400919,MKT,,7,,2,,"LAN_Marketing LAN_Daily",5000
4214,25,2025-01-25,400919,MKT,,5,,2,,"LAN_Marketing LAN_Daily",5000
4215,25,2025-01-25,400919,MKT,,4,,2,,"LAN_Marketing LAN_Daily",5000
4216,25,2025-01-25,400919,MKT,,3,,2,,"LAN_Marketing LAN_Daily",5000
4217,25,2025-01-25,400919,MKT,,1,,2,,"LAN_Marketing LAN_Daily",5000
4218,25,2025-01-25,400919,MKT,,6,,1,,"LAN_Marketing LAN_Daily",50000
4219,25,2025-01-25,400919,MKT,,2,,1,,"LAN_Marketing LAN_Daily",50000
4220,25,2025-01-25,400919,MKT,,7,,1,,"LAN_Marketing LAN_Daily",50000
4221,25,2025-01-25,400919,MKT,,5,,1,,"LAN_Marketing LAN_Daily",50000
4222,25,2025-01-25,400919,MKT,,4,,1,,"LAN_Marketing LAN_Daily",50000
4223,25,2025-01-25,400919,MKT,,3,,1,,"LAN_Marketing LAN_Daily",50000
4224,25,2025-01-25,400919,MKT,,1,,1,,"LAN_Marketing LAN_Daily",50000
4271,26,2025-01-26,400917,MKT,,,,,,"LAN_Marketing LAN_Report",2000
4272,26,2025-01-26,400917,MKT,,3,,1,,"LAN_Marketing LAN_Daily",7700
4273,26,2025-01-26,400917,MKT,,1,,1,,"LAN_Marketing LAN_Daily",7200
4274,26,2025-01-26,400917,MKT,,7,,1,,"LAN_Marketing LAN_Daily",7000
4275,26,2025-01-26,400917,MKT,,2,,1,,"LAN_Marketing LAN_Daily",7000
4276,26,2025-01-26,400917,MKT,,5,,1,,"LAN_Marketing LAN_Daily",7000
4277,26,2025-01-26,400917,MKT,,6,,1,,"LAN_Marketing LAN_Daily",7000
4278,26,2025-01-26,400917,MKT,,4,,1,,"LAN_Marketing LAN_Daily",8000
4279,26,2025-01-26,400917,MKT,,3,,2,,"LAN_Marketing LAN_Daily",8000
4280,26,2025-01-26,400917,MKT,,1,,2,,"LAN_Marketing LAN_Daily",8000
4281,26,2025-01-26,400917,MKT,,7,,2,,"LAN_Marketing LAN_Daily",8000
4282,26,2025-01-26,400917,MKT,,2,,2,,"LAN_Marketing LAN_Daily",8000
4283,26,2025-01-26,400917,MKT,,5,,2,,"LAN_Marketing LAN_Daily",8000
4284,26,2025-01-26,400917,MKT,,6,,2,,"LAN_Marketing LAN_Daily",8000
4285,26,2025-01-26,400917,MKT,,4,,2,,"LAN_Marketing LAN_Daily",8000
4286,26,2025-01-26,400917,MKT,,3,,3,,"LAN_Marketing LAN_Daily",10000
4287,26,2025-01-26,400917,MKT,,1,,3,,"LAN_Marketing LAN_Daily",10000
4288,26,2025-01-26,400917,MKT,,7,,3,,"LAN_Marketing LAN_Daily",10000
4289,26,2025-01-26,400917,MKT,,2,,3,,"LAN_Marketing LAN_Daily",10000
4290,26,2025-01-26,400917,MKT,,5,,3,,"LAN_Marketing LAN_Daily",10000
4291,26,2025-01-26,400917,MKT,,6,,3,,"LAN_Marketing LAN_Daily",10000
4292,26,2025-01-26,400917,MKT,,4,,3,,"LAN_Marketing LAN_Daily",10200
4325,26,2025-01-26,400918,MKT,,,,,,"LAN_Marketing LAN_Report",2000
4326,26,2025-01-26,400918,MKT,,1,,1,,"LAN_Marketing LAN_Daily",20000
4327,26,2025-01-26,400918,MKT,,7,,1,,"LAN_Marketing LAN_Daily",20000
4328,26,2025-01-26,400918,MKT,,2,,1,,"LAN_Marketing LAN_Daily",30000
4329,26,2025-01-26,400918,MKT,,4,,2,,"LAN_Marketing LAN_Daily",5000
4330,26,2025-01-26,400918,MKT,,1,,2,,"LAN_Marketing LAN_Daily",5000
4331,26,2025-01-26,400918,MKT,,2,,2,,"LAN_Marketing LAN_Daily",10000
4332,26,2025-01-26,400918,MKT,,3,,2,,"LAN_Marketing LAN_Daily",10000
4333,26,2025-01-26,400918,MKT,,5,,2,,"LAN_Marketing LAN_Daily",5000
4334,26,2025-01-26,400918,MKT,,6,,3,,"LAN_Marketing LAN_Daily",15000
4335,26,2025-01-26,400918,MKT,,1,,3,,"LAN_Marketing LAN_Daily",4000
4336,26,2025-01-26,400918,MKT,,7,,3,,"LAN_Marketing LAN_Daily",6000
4337,26,2025-01-26,400918,MKT,,2,,3,,"LAN_Marketing LAN_Daily",3000
4338,26,2025-01-26,400918,MKT,,3,,3,,"LAN_Marketing LAN_Daily",15000
4339,26,2025-01-26,400918,MKT,,5,,3,,"LAN_Marketing LAN_Daily",15000
4377,26,2025-01-26,400919,MKT,,,,,,"LAN_Marketing LAN_Report",2000
4378,26,2025-01-26,400919,MKT,,6,,3,,"LAN_Marketing LAN_Daily",2000
4379,26,2025-01-26,400919,MKT,,2,,3,,"LAN_Marketing LAN_Daily",2000
4380,26,2025-01-26,400919,MKT,,7,,3,,"LAN_Marketing LAN_Daily",2000
4381,26,2025-01-26,400919,MKT,,5,,3,,"LAN_Marketing LAN_Daily",2000
4382,26,2025-01-26,400919,MKT,,4,,3,,"LAN_Marketing LAN_Daily",2000
4383,26,2025-01-26,400919,MKT,,3,,3,,"LAN_Marketing LAN_Daily",2000
4384,26,2025-01-26,400919,MKT,,1,,3,,"LAN_Marketing LAN_Daily",2000
4385,26,2025-01-26,400919,MKT,,6,,2,,"LAN_Marketing LAN_Daily",5000
4386,26,2025-01-26,400919,MKT,,2,,2,,"LAN_Marketing LAN_Daily",5000
4387,26,2025-01-26,400919,MKT,,7,,2,,"LAN_Marketing LAN_Daily",5000
4388,26,2025-01-26,400919,MKT,,5,,2,,"LAN_Marketing LAN_Daily",5000
4389,26,2025-01-26,400919,MKT,,4,,2,,"LAN_Marketing LAN_Daily",5000
4390,26,2025-01-26,400919,MKT,,3,,2,,"LAN_Marketing LAN_Daily",5000
4391,26,2025-01-26,400919,MKT,,1,,2,,"LAN_Marketing LAN_Daily",5000
4392,26,2025-01-26,400919,MKT,,6,,1,,"LAN_Marketing LAN_Daily",100000
4393,26,2025-01-26,400919,MKT,,2,,1,,"LAN_Marketing LAN_Daily",100000
4394,26,2025-01-26,400919,MKT,,7,,1,,"LAN_Marketing LAN_Daily",100000
4395,26,2025-01-26,400919,MKT,,5,,1,,"LAN_Marketing LAN_Daily",100000
4396,26,2025-01-26,400919,MKT,,4,,1,,"LAN_Marketing LAN_Daily",100000
4397,26,2025-01-26,400919,MKT,,3,,1,,"LAN_Marketing LAN_Daily",100000
4398,26,2025-01-26,400919,MKT,,1,,1,,"LAN_Marketing LAN_Daily",100000
4456,27,2025-01-27,400917,MKT,,,,,,"LAN_Marketing LAN_Report",2000
4457,27,2025-01-27,400917,MKT,,3,,1,,"LAN_Marketing LAN_Daily",7700
4458,27,2025-01-27,400917,MKT,,1,,1,,"LAN_Marketing LAN_Daily",7200
4459,27,2025-01-27,400917,MKT,,7,,1,,"LAN_Marketing LAN_Daily",7000
4460,27,2025-01-27,400917,MKT,,2,,1,,"LAN_Marketing LAN_Daily",7000
4461,27,2025-01-27,400917,MKT,,5,,1,,"LAN_Marketing LAN_Daily",7000
4462,27,2025-01-27,400917,MKT,,6,,1,,"LAN_Marketing LAN_Daily",7000
4463,27,2025-01-27,400917,MKT,,4,,1,,"LAN_Marketing LAN_Daily",8000
4464,27,2025-01-27,400917,MKT,,3,,2,,"LAN_Marketing LAN_Daily",8000
4465,27,2025-01-27,400917,MKT,,1,,2,,"LAN_Marketing LAN_Daily",8000
4466,27,2025-01-27,400917,MKT,,7,,2,,"LAN_Marketing LAN_Daily",8000
4467,27,2025-01-27,400917,MKT,,2,,2,,"LAN_Marketing LAN_Daily",8000
4468,27,2025-01-27,400917,MKT,,5,,2,,"LAN_Marketing LAN_Daily",8000
4469,27,2025-01-27,400917,MKT,,6,,2,,"LAN_Marketing LAN_Daily",8000
4470,27,2025-01-27,400917,MKT,,4,,2,,"LAN_Marketing LAN_Daily",8000
4471,27,2025-01-27,400917,MKT,,3,,3,,"LAN_Marketing LAN_Daily",10000
4472,27,2025-01-27,400917,MKT,,1,,3,,"LAN_Marketing LAN_Daily",10000
4473,27,2025-01-27,400917,MKT,,7,,3,,"LAN_Marketing LAN_Daily",10000
4474,27,2025-01-27,400917,MKT,,2,,3,,"LAN_Marketing LAN_Daily",10000
4475,27,2025-01-27,400917,MKT,,5,,3,,"LAN_Marketing LAN_Daily",10000
4476,27,2025-01-27,400917,MKT,,6,,3,,"LAN_Marketing LAN_Daily",10000
4477,27,2025-01-27,400917,MKT,,4,,3,,"LAN_Marketing LAN_Daily",10200
4507,27,2025-01-27,400918,MKT,,,,,,"LAN_Marketing LAN_Report",2000
4508,27,2025-01-27,400918,MKT,,1,,1,,"LAN_Marketing LAN_Daily",20000
4509,27,2025-01-27,400918,MKT,,7,,1,,"LAN_Marketing LAN_Daily",20000
4510,27,2025-01-27,400918,MKT,,2,,1,,"LAN_Marketing LAN_Daily",30000
4511,27,2025-01-27,400918,MKT,,4,,2,,"LAN_Marketing LAN_Daily",5000
4512,27,2025-01-27,400918,MKT,,1,,2,,"LAN_Marketing LAN_Daily",5000
4513,27,2025-01-27,400918,MKT,,2,,2,,"LAN_Marketing LAN_Daily",10000
4514,27,2025-01-27,400918,MKT,,3,,2,,"LAN_Marketing LAN_Daily",10000
4515,27,2025-01-27,400918,MKT,,5,,2,,"LAN_Marketing LAN_Daily",5000
4516,27,2025-01-27,400918,MKT,,6,,3,,"LAN_Marketing LAN_Daily",15000
4517,27,2025-01-27,400918,MKT,,1,,3,,"LAN_Marketing LAN_Daily",4000
4518,27,2025-01-27,400918,MKT,,7,,3,,"LAN_Marketing LAN_Daily",6000
4519,27,2025-01-27,400918,MKT,,2,,3,,"LAN_Marketing LAN_Daily",3000
4520,27,2025-01-27,400918,MKT,,3,,3,,"LAN_Marketing LAN_Daily",15000
4521,27,2025-01-27,400918,MKT,,5,,3,,"LAN_Marketing LAN_Daily",15000
4556,27,2025-01-27,400919,MKT,,,,,,"LAN_Marketing LAN_Report",2000
4557,27,2025-01-27,400919,MKT,,6,,3,,"LAN_Marketing LAN_Daily",2000
4558,27,2025-01-27,400919,MKT,,2,,3,,"LAN_Marketing LAN_Daily",2000
4559,27,2025-01-27,400919,MKT,,7,,3,,"LAN_Marketing LAN_Daily",2000
4560,27,2025-01-27,400919,MKT,,5,,3,,"LAN_Marketing LAN_Daily",2000
4561,27,2025-01-27,400919,MKT,,4,,3,,"LAN_Marketing LAN_Daily",2000
4562,27,2025-01-27,400919,MKT,,3,,3,,"LAN_Marketing LAN_Daily",2000
4563,27,2025-01-27,400919,MKT,,1,,3,,"LAN_Marketing LAN_Daily",2000
4564,27,2025-01-27,400919,MKT,,6,,2,,"LAN_Marketing LAN_Daily",5000
4565,27,2025-01-27,400919,MKT,,2,,2,,"LAN_Marketing LAN_Daily",5000
4566,27,2025-01-27,400919,MKT,,7,,2,,"LAN_Marketing LAN_Daily",5000
4567,27,2025-01-27,400919,MKT,,5,,2,,"LAN_Marketing LAN_Daily",5000
4568,27,2025-01-27,400919,MKT,,4,,2,,"LAN_Marketing LAN_Daily",5000
4569,27,2025-01-27,400919,MKT,,3,,2,,"LAN_Marketing LAN_Daily",5000
4570,27,2025-01-27,400919,MKT,,1,,2,,"LAN_Marketing LAN_Daily",5000
4571,27,2025-01-27,400919,MKT,,6,,1,,"LAN_Marketing LAN_Daily",100000
4572,27,2025-01-27,400919,MKT,,2,,1,,"LAN_Marketing LAN_Daily",100000
4573,27,2025-01-27,400919,MKT,,7,,1,,"LAN_Marketing LAN_Daily",100000
4574,27,2025-01-27,400919,MKT,,5,,1,,"LAN_Marketing LAN_Daily",100000
4575,27,2025-01-27,400919,MKT,,4,,1,,"LAN_Marketing LAN_Daily",100000
4576,27,2025-01-27,400919,MKT,,3,,1,,"LAN_Marketing LAN_Daily",100000
4577,27,2025-01-27,400919,MKT,,1,,1,,"LAN_Marketing LAN_Daily",100000
4636,28,2025-01-28,400917,MKT,,,,,,"LAN_Marketing LAN_Report",2000
4637,28,2025-01-28,400917,MKT,,3,,1,,"LAN_Marketing LAN_Daily",7700
4638,28,2025-01-28,400917,MKT,,1,,1,,"LAN_Marketing LAN_Daily",7200
4639,28,2025-01-28,400917,MKT,,7,,1,,"LAN_Marketing LAN_Daily",7000
4640,28,2025-01-28,400917,MKT,,2,,1,,"LAN_Marketing LAN_Daily",7000
4641,28,2025-01-28,400917,MKT,,5,,1,,"LAN_Marketing LAN_Daily",7000
4642,28,2025-01-28,400917,MKT,,6,,1,,"LAN_Marketing LAN_Daily",7000
4643,28,2025-01-28,400917,MKT,,4,,1,,"LAN_Marketing LAN_Daily",8000
4644,28,2025-01-28,400917,MKT,,3,,2,,"LAN_Marketing LAN_Daily",8000
4645,28,2025-01-28,400917,MKT,,1,,2,,"LAN_Marketing LAN_Daily",8000
4646,28,2025-01-28,400917,MKT,,7,,2,,"LAN_Marketing LAN_Daily",8000
4647,28,2025-01-28,400917,MKT,,2,,2,,"LAN_Marketing LAN_Daily",8000
4648,28,2025-01-28,400917,MKT,,5,,2,,"LAN_Marketing LAN_Daily",8000
4649,28,2025-01-28,400917,MKT,,6,,2,,"LAN_Marketing LAN_Daily",8000
4650,28,2025-01-28,400917,MKT,,4,,2,,"LAN_Marketing LAN_Daily",8000
4651,28,2025-01-28,400917,MKT,,3,,3,,"LAN_Marketing LAN_Daily",10000
4652,28,2025-01-28,400917,MKT,,1,,3,,"LAN_Marketing LAN_Daily",10000
4653,28,2025-01-28,400917,MKT,,7,,3,,"LAN_Marketing LAN_Daily",10000
4654,28,2025-01-28,400917,MKT,,2,,3,,"LAN_Marketing LAN_Daily",10000
4655,28,2025-01-28,400917,MKT,,5,,3,,"LAN_Marketing LAN_Daily",10000
4656,28,2025-01-28,400917,MKT,,6,,3,,"LAN_Marketing LAN_Daily",10000
4657,28,2025-01-28,400917,MKT,,4,,3,,"LAN_Marketing LAN_Daily",10200
4686,28,2025-01-28,400918,MKT,,,,,,"LAN_Marketing LAN_Report",2000
4687,28,2025-01-28,400918,MKT,,4,,2,,"LAN_Marketing LAN_Daily",5000
4688,28,2025-01-28,400918,MKT,,1,,2,,"LAN_Marketing LAN_Daily",5000
4689,28,2025-01-28,400918,MKT,,2,,2,,"LAN_Marketing LAN_Daily",10000
4690,28,2025-01-28,400918,MKT,,3,,2,,"LAN_Marketing LAN_Daily",10000
4691,28,2025-01-28,400918,MKT,,5,,2,,"LAN_Marketing LAN_Daily",5000
4692,28,2025-01-28,400918,MKT,,6,,3,,"LAN_Marketing LAN_Daily",15000
4693,28,2025-01-28,400918,MKT,,1,,3,,"LAN_Marketing LAN_Daily",4000
4694,28,2025-01-28,400918,MKT,,7,,3,,"LAN_Marketing LAN_Daily",6000
4695,28,2025-01-28,400918,MKT,,2,,3,,"LAN_Marketing LAN_Daily",3000
4696,28,2025-01-28,400918,MKT,,3,,3,,"LAN_Marketing LAN_Daily",15000
4697,28,2025-01-28,400918,MKT,,5,,3,,"LAN_Marketing LAN_Daily",15000
4698,28,2025-01-28,400918,MKT,,6,,1,,"LAN_Marketing LAN_Daily",10000
4699,28,2025-01-28,400918,MKT,,4,,1,,"LAN_Marketing LAN_Daily",10000
4731,28,2025-01-28,400919,MKT,,,,,,"LAN_Marketing LAN_Report",2000
4732,28,2025-01-28,400919,MKT,,6,,3,,"LAN_Marketing LAN_Daily",2000
4733,28,2025-01-28,400919,MKT,,2,,3,,"LAN_Marketing LAN_Daily",2000
4734,28,2025-01-28,400919,MKT,,7,,3,,"LAN_Marketing LAN_Daily",2000
4735,28,2025-01-28,400919,MKT,,5,,3,,"LAN_Marketing LAN_Daily",2000
4736,28,2025-01-28,400919,MKT,,4,,3,,"LAN_Marketing LAN_Daily",2000
4737,28,2025-01-28,400919,MKT,,3,,3,,"LAN_Marketing LAN_Daily",2000
4738,28,2025-01-28,400919,MKT,,1,,3,,"LAN_Marketing LAN_Daily",2000
4739,28,2025-01-28,400919,MKT,,6,,2,,"LAN_Marketing LAN_Daily",5000
4740,28,2025-01-28,400919,MKT,,2,,2,,"LAN_Marketing LAN_Daily",5000
4741,28,2025-01-28,400919,MKT,,7,,2,,"LAN_Marketing LAN_Daily",5000
4742,28,2025-01-28,400919,MKT,,5,,2,,"LAN_Marketing LAN_Daily",5000
4743,28,2025-01-28,400919,MKT,,4,,2,,"LAN_Marketing LAN_Daily",5000
4744,28,2025-01-28,400919,MKT,,3,,2,,"LAN_Marketing LAN_Daily",5000
4745,28,2025-01-28,400919,MKT,,1,,2,,"LAN_Marketing LAN_Daily",5000
4746,28,2025-01-28,400919,MKT,,6,,1,,"LAN_Marketing LAN_Daily",100000
4747,28,2025-01-28,400919,MKT,,2,,1,,"LAN_Marketing LAN_Daily",100000
4748,28,2025-01-28,400919,MKT,,7,,1,,"LAN_Marketing LAN_Daily",100000
4749,28,2025-01-28,400919,MKT,,5,,1,,"LAN_Marketing LAN_Daily",100000
4750,28,2025-01-28,400919,MKT,,4,,1,,"LAN_Marketing LAN_Daily",100000
4751,28,2025-01-28,400919,MKT,,3,,1,,"LAN_Marketing LAN_Daily",100000
4752,28,2025-01-28,400919,MKT,,1,,1,,"LAN_Marketing LAN_Daily",100000
4805,29,2025-01-29,400917,MKT,,,,,,"LAN_Marketing LAN_Report",2000
4806,29,2025-01-29,400917,MKT,,3,,1,,"LAN_Marketing LAN_Daily",7700
4807,29,2025-01-29,400917,MKT,,1,,1,,"LAN_Marketing LAN_Daily",7200
4808,29,2025-01-29,400917,MKT,,7,,1,,"LAN_Marketing LAN_Daily",7000
4809,29,2025-01-29,400917,MKT,,2,,1,,"LAN_Marketing LAN_Daily",7000
4810,29,2025-01-29,400917,MKT,,5,,1,,"LAN_Marketing LAN_Daily",7000
4811,29,2025-01-29,400917,MKT,,6,,1,,"LAN_Marketing LAN_Daily",7000
4812,29,2025-01-29,400917,MKT,,4,,1,,"LAN_Marketing LAN_Daily",8000
4813,29,2025-01-29,400917,MKT,,3,,2,,"LAN_Marketing LAN_Daily",8000
4814,29,2025-01-29,400917,MKT,,1,,2,,"LAN_Marketing LAN_Daily",8000
4815,29,2025-01-29,400917,MKT,,7,,2,,"LAN_Marketing LAN_Daily",8000
4816,29,2025-01-29,400917,MKT,,2,,2,,"LAN_Marketing LAN_Daily",8000
4817,29,2025-01-29,400917,MKT,,5,,2,,"LAN_Marketing LAN_Daily",8000
4818,29,2025-01-29,400917,MKT,,6,,2,,"LAN_Marketing LAN_Daily",8000
4819,29,2025-01-29,400917,MKT,,4,,2,,"LAN_Marketing LAN_Daily",8000
4820,29,2025-01-29,400917,MKT,,3,,3,,"LAN_Marketing LAN_Daily",10000
4821,29,2025-01-29,400917,MKT,,1,,3,,"LAN_Marketing LAN_Daily",10000
4822,29,2025-01-29,400917,MKT,,7,,3,,"LAN_Marketing LAN_Daily",10000
4823,29,2025-01-29,400917,MKT,,2,,3,,"LAN_Marketing LAN_Daily",10000
4824,29,2025-01-29,400917,MKT,,5,,3,,"LAN_Marketing LAN_Daily",10000
4825,29,2025-01-29,400917,MKT,,6,,3,,"LAN_Marketing LAN_Daily",10000
4826,29,2025-01-29,400917,MKT,,4,,3,,"LAN_Marketing LAN_Daily",10200
4858,29,2025-01-29,400918,MKT,,,,,,"LAN_Marketing LAN_Report",2000
4859,29,2025-01-29,400918,MKT,,4,,2,,"LAN_Marketing LAN_Daily",5000
4860,29,2025-01-29,400918,MKT,,1,,2,,"LAN_Marketing LAN_Daily",5000
4861,29,2025-01-29,400918,MKT,,2,,2,,"LAN_Marketing LAN_Daily",10000
4862,29,2025-01-29,400918,MKT,,3,,2,,"LAN_Marketing LAN_Daily",10000
4863,29,2025-01-29,400918,MKT,,5,,2,,"LAN_Marketing LAN_Daily",5000
4864,29,2025-01-29,400918,MKT,,6,,3,,"LAN_Marketing LAN_Daily",15000
4865,29,2025-01-29,400918,MKT,,1,,3,,"LAN_Marketing LAN_Daily",4000
4866,29,2025-01-29,400918,MKT,,7,,3,,"LAN_Marketing LAN_Daily",6000
4867,29,2025-01-29,400918,MKT,,2,,3,,"LAN_Marketing LAN_Daily",3000
4868,29,2025-01-29,400918,MKT,,3,,3,,"LAN_Marketing LAN_Daily",15000
4869,29,2025-01-29,400918,MKT,,5,,3,,"LAN_Marketing LAN_Daily",15000
4870,29,2025-01-29,400918,MKT,,6,,1,,"LAN_Marketing LAN_Daily",10000
4871,29,2025-01-29,400918,MKT,,4,,1,,"LAN_Marketing LAN_Daily",10000
4904,29,2025-01-29,400919,MKT,,,,,,"LAN_Marketing LAN_Report",2000
4905,29,2025-01-29,400919,MKT,,6,,3,,"LAN_Marketing LAN_Daily",2000
4906,29,2025-01-29,400919,MKT,,2,,3,,"LAN_Marketing LAN_Daily",2000
4907,29,2025-01-29,400919,MKT,,7,,3,,"LAN_Marketing LAN_Daily",2000
4908,29,2025-01-29,400919,MKT,,5,,3,,"LAN_Marketing LAN_Daily",2000
4909,29,2025-01-29,400919,MKT,,4,,3,,"LAN_Marketing LAN_Daily",2000
4910,29,2025-01-29,400919,MKT,,3,,3,,"LAN_Marketing LAN_Daily",2000
4911,29,2025-01-29,400919,MKT,,1,,3,,"LAN_Marketing LAN_Daily",2000
4912,29,2025-01-29,400919,MKT,,6,,2,,"LAN_Marketing LAN_Daily",5000
4913,29,2025-01-29,400919,MKT,,2,,2,,"LAN_Marketing LAN_Daily",5000
4914,29,2025-01-29,400919,MKT,,7,,2,,"LAN_Marketing LAN_Daily",5000
4915,29,2025-01-29,400919,MKT,,5,,2,,"LAN_Marketing LAN_Daily",5000
4916,29,2025-01-29,400919,MKT,,4,,2,,"LAN_Marketing LAN_Daily",5000
4917,29,2025-01-29,400919,MKT,,3,,2,,"LAN_Marketing LAN_Daily",5000
4918,29,2025-01-29,400919,MKT,,1,,2,,"LAN_Marketing LAN_Daily",5000
4919,29,2025-01-29,400919,MKT,,6,,1,,"LAN_Marketing LAN_Daily",120000
4920,29,2025-01-29,400919,MKT,,2,,1,,"LAN_Marketing LAN_Daily",120000
4921,29,2025-01-29,400919,MKT,,7,,1,,"LAN_Marketing LAN_Daily",120000
4922,29,2025-01-29,400919,MKT,,5,,1,,"LAN_Marketing LAN_Daily",120000
4923,29,2025-01-29,400919,MKT,,4,,1,,"LAN_Marketing LAN_Daily",120000
4924,29,2025-01-29,400919,MKT,,3,,1,,"LAN_Marketing LAN_Daily",120000
4925,29,2025-01-29,400919,MKT,,1,,1,,"LAN_Marketing LAN_Daily",120000
4960,30,2025-01-30,400917,MKT,,,,,,"LAN_Marketing LAN_Report",2000
4961,30,2025-01-30,400917,MKT,,3,,1,,"LAN_Marketing LAN_Daily",7700
4962,30,2025-01-30,400917,MKT,,1,,1,,"LAN_Marketing LAN_Daily",7200
4963,30,2025-01-30,400917,MKT,,7,,1,,"LAN_Marketing LAN_Daily",7000
4964,30,2025-01-30,400917,MKT,,2,,1,,"LAN_Marketing LAN_Daily",7000
4965,30,2025-01-30,400917,MKT,,5,,1,,"LAN_Marketing LAN_Daily",7000
4966,30,2025-01-30,400917,MKT,,6,,1,,"LAN_Marketing LAN_Daily",7000
4967,30,2025-01-30,400917,MKT,,4,,1,,"LAN_Marketing LAN_Daily",8000
4968,30,2025-01-30,400917,MKT,,3,,2,,"LAN_Marketing LAN_Daily",8000
4969,30,2025-01-30,400917,MKT,,1,,2,,"LAN_Marketing LAN_Daily",8000
4970,30,2025-01-30,400917,MKT,,7,,2,,"LAN_Marketing LAN_Daily",8000
4971,30,2025-01-30,400917,MKT,,2,,2,,"LAN_Marketing LAN_Daily",8000
4972,30,2025-01-30,400917,MKT,,5,,2,,"LAN_Marketing LAN_Daily",8000
4973,30,2025-01-30,400917,MKT,,6,,2,,"LAN_Marketing LAN_Daily",8000
4974,30,2025-01-30,400917,MKT,,4,,2,,"LAN_Marketing LAN_Daily",8000
4975,30,2025-01-30,400917,MKT,,3,,3,,"LAN_Marketing LAN_Daily",10000
4976,30,2025-01-30,400917,MKT,,1,,3,,"LAN_Marketing LAN_Daily",10000
4977,30,2025-01-30,400917,MKT,,7,,3,,"LAN_Marketing LAN_Daily",10000
4978,30,2025-01-30,400917,MKT,,2,,3,,"LAN_Marketing LAN_Daily",10000
4979,30,2025-01-30,400917,MKT,,5,,3,,"LAN_Marketing LAN_Daily",10000
4980,30,2025-01-30,400917,MKT,,6,,3,,"LAN_Marketing LAN_Daily",10000
4981,30,2025-01-30,400917,MKT,,4,,3,,"LAN_Marketing LAN_Daily",10200
5006,30,2025-01-30,400918,MKT,,,,,,"LAN_Marketing LAN_Report",2000
5007,30,2025-01-30,400918,MKT,,4,,2,,"LAN_Marketing LAN_Daily",5000
5008,30,2025-01-30,400918,MKT,,1,,2,,"LAN_Marketing LAN_Daily",5000
5009,30,2025-01-30,400918,MKT,,2,,2,,"LAN_Marketing LAN_Daily",10000
5010,30,2025-01-30,400918,MKT,,3,,2,,"LAN_Marketing LAN_Daily",10000
5011,30,2025-01-30,400918,MKT,,5,,2,,"LAN_Marketing LAN_Daily",5000
5012,30,2025-01-30,400918,MKT,,6,,1,,"LAN_Marketing LAN_Daily",10000
5013,30,2025-01-30,400918,MKT,,4,,1,,"LAN_Marketing LAN_Daily",10000
5014,30,2025-01-30,400918,MKT,,3,,3,,"LAN_Marketing LAN_Daily",15000
5015,30,2025-01-30,400918,MKT,,5,,3,,"LAN_Marketing LAN_Daily",15000
5046,30,2025-01-30,400919,MKT,,,,,,"LAN_Marketing LAN_Report",2000
5047,30,2025-01-30,400919,MKT,,6,,3,,"LAN_Marketing LAN_Daily",2000
5048,30,2025-01-30,400919,MKT,,2,,3,,"LAN_Marketing LAN_Daily",2000
5049,30,2025-01-30,400919,MKT,,7,,3,,"LAN_Marketing LAN_Daily",2000
5050,30,2025-01-30,400919,MKT,,5,,3,,"LAN_Marketing LAN_Daily",2000
5051,30,2025-01-30,400919,MKT,,4,,3,,"LAN_Marketing LAN_Daily",2000
5052,30,2025-01-30,400919,MKT,,3,,3,,"LAN_Marketing LAN_Daily",2000
5053,30,2025-01-30,400919,MKT,,1,,3,,"LAN_Marketing LAN_Daily",2000
5054,30,2025-01-30,400919,MKT,,6,,2,,"LAN_Marketing LAN_Daily",5000
5055,30,2025-01-30,400919,MKT,,2,,2,,"LAN_Marketing LAN_Daily",5000
5056,30,2025-01-30,400919,MKT,,7,,2,,"LAN_Marketing LAN_Daily",5000
5057,30,2025-01-30,400919,MKT,,5,,2,,"LAN_Marketing LAN_Daily",5000
5058,30,2025-01-30,400919,MKT,,4,,2,,"LAN_Marketing LAN_Daily",5000
5059,30,2025-01-30,400919,MKT,,3,,2,,"LAN_Marketing LAN_Daily",5000
5060,30,2025-01-30,400919,MKT,,1,,2,,"LAN_Marketing LAN_Daily",5000
5061,30,2025-01-30,400919,MKT,,6,,1,,"LAN_Marketing LAN_Daily",120000
5062,30,2025-01-30,400919,MKT,,2,,1,,"LAN_Marketing LAN_Daily",120000
5063,30,2025-01-30,400919,MKT,,7,,1,,"LAN_Marketing LAN_Daily",120000
5064,30,2025-01-30,400919,MKT,,5,,1,,"LAN_Marketing LAN_Daily",120000
5065,30,2025-01-30,400919,MKT,,4,,1,,"LAN_Marketing LAN_Daily",120000
5066,30,2025-01-30,400919,MKT,,3,,1,,"LAN_Marketing LAN_Daily",120000
5067,30,2025-01-30,400919,MKT,,1,,1,,"LAN_Marketing LAN_Daily",120000
